TABREF JENIS_KURSUS_ID,Update: 16/01/2023,Unnamed: 2,Unnamed: 3,Unnamed: 4,Unnamed: 5,Unnamed: 6,Unnamed: 7
,,,,,,,
ID,NAMA,,META DATA,,,,
A5EB03E201F8F6A0E040640A040252AD,ADMINISTRASI KEUANGAN DAERAH,,Name,Null?,Type,Parameter,Keterangan
A5EB03E201F9F6A0E040640A040252AD,ADMINISTRASI PERKANTORAN,,ID,NOT NULL,VARCHAR2(32),,ID yang otomatis ter-generate saat data dibuat
A5EB03E201FAF6A0E040640A040252AD,AIR LIMBAH,,NAMA,,VARCHAR2(60),,Nama Jenis Kursus
A5EB03E201FBF6A0E040640A040252AD,ALIH TEKNOLOGI,,,,,,
A5EB03E201FCF6A0E040640A040252AD,AMDAL A DAN B,,,,,,
A5EB03E201FDF6A0E040640A040252AD,ANALISA STATISTIK/DEMOGRAFI,,,,,,
A5EB03E201FEF6A0E040640A040252AD,ANALISIS JABATAN,,,,,,
A5EB03E201FFF6A0E040640A040252AD,ANIMAL NATION,,,,,,
A5EB03E20200F6A0E040640A040252AD,APLIKASI KEPEGAWAIAN,,,,,,
A5EB03E20201F6A0E040640A040252AD,ARGONOMI,,,,,,
A5EB03E20202F6A0E040640A040252AD,ASPAL BUTAS,,,,,,
A5EB03E20203F6A0E040640A040252AD,ASPAL HOTMIX,,,,,,
A5EB03E20204F6A0E040640A040252AD,ATR,,,,,,
A5EB03E20205F6A0E040640A040252AD,BAHASA DAERAH,,,,,,
A5EB03E201F6F6A0E040640A040252AD,BAHASA INGGRIS,,,,,,
A5EB03E20206F6A0E040640A040252AD,BALI GETTLE BREADING PROGRAM,,,,,,
A5EB03E20207F6A0E040640A040252AD,BENDAHARAWAN B,,,,,,
A5EB03E20208F6A0E040640A040252AD,BENDAHARAWAN BARANG,,,,,,
A5EB03E20209F6A0E040640A040252AD,BENDAHARAWAN PROYEK IPJK/IBRD,,,,,,
A5EB03E2020CF6A0E040640A040252AD,BID. PENYEHATAN PEMUKIMAN LING,,,,,,
A5EB03E2020AF6A0E040640A040252AD,BIDANG PEMUKIMAN,,,,,,
A5EB03E2020BF6A0E040640A040252AD,BIDANG PERSAMPAHAN,,,,,,
A5EB03E2020DF6A0E040640A040252AD,BIMB. EKONOMI PERTANIAN,,,,,,
A5EB03E2020EF6A0E040640A040252AD,BIMB. MASYARAKAT PROG.PERBAIKAN KAMPUNG,,,,,,
A5EB03E2020FF6A0E040640A040252AD,BIMB. PERENCANAAN TENAGA KERJA DAERAH,,,,,,
A5EB03E20212F6A0E040640A040252AD,BIMB. TEHNIS PENYELESAIAN HUKUM,,,,,,
A5EB03E20211F6A0E040640A040252AD,BIMB. TEKNIK PEMBANGUNAN,,,,,,
A5EB03E20210F6A0E040640A040252AD,BIMB. TEKNIS MASALAH SOSPOL,,,,,,
D834501E63B03A8CE050640AF10824F4,BIMTEK MEDIA SOSIAL,,,,,,
D834501E63A93A8CE050640AF10824F4,BIMTEK PENGEMBANGAN SERTIFIKASI (BNSP),,,,,,
D834501E63C23A8CE050640AF10824F4,BIMTEK PENYUSUNAN PR,,,,,,
D834501E63B13A8CE050640AF10824F4,BIMTEK PRODUSER TV/PRODUSER,,,,,,
A5EB03E20213F6A0E040640A040252AD,BINA MUTU PERIKANAN,,,,,,
A5EB03E20214F6A0E040640A040252AD,BINA WISATA,,,,,,
A5EB03E20215F6A0E040640A040252AD,BKP,,,,,,
A5EB03E20216F6A0E040640A040252AD,BRIDGE ENGINER ENG COURSE,,,,,,
A5EB03E20217F6A0E040640A040252AD,"BUDIDAYA PADI,PALAWIJA,HORTIKULTURA",,,,,,
A5EB03E20218F6A0E040640A040252AD,BUDIDAYA TANAMAN HIAS,,,,,,
A5EB03E20219F6A0E040640A040252AD,CALON PENYULUH P2DT,,,,,,
A5EB03E2021AF6A0E040640A040252AD,COACHING KEUANGAN DAN BENDAHARAWAN,,,,,,
A5EB03E2021BF6A0E040640A040252AD,CONTRUKTION MANAJEMEN COURSE IN JAPAN,,,,,,
A5EB03E2021CF6A0E040640A040252AD,CROPING SISTEM,,,,,,
A5EB03E2049FF6A0E040640A040252AD,DAL HAMA ORYETES SP SECARA BIOLOGIS,,,,,,
A5EB03E2021DF6A0E040640A040252AD,DEMOGRAFI,,,,,,
A5EB03E2021EF6A0E040640A040252AD,DIARE,,,,,,
D834501E63AD3A8CE050640AF10824F4,DIKAT PERENCANAAN ANGGARAN,,,,,,
A5EB03E20234F6A0E040640A040252AD,DIKL PENINGK.TRAMP.TEK.KERAJINAN PERKOP.,,,,,,
D834501E63AB3A8CE050640AF10824F4,DIKLAT ACCOUNT EXECUTIVE,,,,,,
A5EB03E2022BF6A0E040640A040252AD,DIKLAT ADMINISTRASI KESOSIALAN,,,,,,
A5EB03E2021FF6A0E040640A040252AD,DIKLAT APARATUR TEKNIS FUNGSIONAL,,,,,,
A5EB03E20220F6A0E040640A040252AD,DIKLAT BINA MARGA,,,,,,
D834501E63B73A8CE050640AF10824F4,DIKLAT DASAR KAMERAMEN,,,,,,
A5EB03E2022CF6A0E040640A040252AD,DIKLAT DASAR KLH,,,,,,
D834501E63B23A8CE050640AF10824F4,DIKLAT DRONE,,,,,,
D834501E63AE3A8CE050640AF10824F4,DIKLAT DVBT2,,,,,,
8B91B70E3B7F12E5E050640A29034DA5,DIKLAT FUNGSIONAL ADMINISTRATOR DATABASE KEPENDUDUKAN,,,,,,
8B91B70E3BAC12E5E050640A29034DA5,DIKLAT FUNGSIONAL ADMINISTRATOR KESEHATAN,,,,,,
8B91B70E3C0012E5E050640A29034DA5,DIKLAT FUNGSIONAL AGEN,,,,,,
8B91B70E3C0D12E5E050640A29034DA5,DIKLAT FUNGSIONAL ANALIS APBN,,,,,,
D38B303C229D0BACE050640AF1087680,DIKLAT FUNGSIONAL ANALIS HUKUM,,,,,,
8B91B70E3BFD12E5E050640A29034DA5,DIKLAT FUNGSIONAL ANALIS KEBIJAKAN,,,,,,
8B91B70E3BFA12E5E050640A29034DA5,DIKLAT FUNGSIONAL ANALIS KEPEGAWAIAN,,,,,,
8B91B70E3B9212E5E050640A29034DA5,DIKLAT FUNGSIONAL ANALIS KETAHANAN PANGAN,,,,,,
8B91B70E3B9312E5E050640A29034DA5,DIKLAT FUNGSIONAL ANALIS PERKARANTINAAN TUMBUHAN,,,,,,
8B91B70E3BA312E5E050640A29034DA5,DIKLAT FUNGSIONAL ANALIS PERTAHANAN NEGARA,,,,,,
8B91B70E3C1012E5E050640A29034DA5,DIKLAT FUNGSIONAL ANALIS TRANSAKSI KEUANGAN,,,,,,
8B91B70E3B7312E5E050640A29034DA5,DIKLAT FUNGSIONAL ANALISIS ANGGARAN,,,,,,
8B91B70E3B6A12E5E050640A29034DA5,DIKLAT FUNGSIONAL ANALISIS KEIMIGRASIAN,,,,,,
8B91B70E3B7412E5E050640A29034DA5,DIKLAT FUNGSIONAL ANALISIS KEUANGAN PUSAT DAN DAERAH,,,,,,
8B91B70E3BDD12E5E050640A29034DA5,DIKLAT FUNGSIONAL ANALISIS PASAR HASIL PERIKANAN,,,,,,
8B91B70E3B8812E5E050640A29034DA5,DIKLAT FUNGSIONAL ANALISIS PASAR HASIL PERTANIAN,,,,,,
8B91B70E3BAD12E5E050640A29034DA5,DIKLAT FUNGSIONAL APOTEKER,,,,,,
8B91B70E3C0712E5E050640A29034DA5,DIKLAT FUNGSIONAL ARSIPARIS,,,,,,
8B91B70E3B8712E5E050640A29034DA5,DIKLAT FUNGSIONAL ASESOR MANAJEMEN MUTU INDUSTRI,,,,,,
8B91B70E3B6B12E5E050640A29034DA5,DIKLAT FUNGSIONAL ASISTEM PEMBIMBING KEMASYARAKATAN,,,,,,
8B91B70E3BAE12E5E050640A29034DA5,DIKLAT FUNGSIONAL ASISTEN APOTEKER,,,,,,
8B91B70E3BE212E5E050640A29034DA5,DIKLAT FUNGSIONAL ASISTEN INSPEKTUR MUTU HASIL PERIKANAN,,,,,,
8B91B70E3BEF12E5E050640A29034DA5,DIKLAT FUNGSIONAL ASISTEN PELATIH OLAHRAGA,,,,,,
8B91B70E3BE312E5E050640A29034DA5,DIKLAT FUNGSIONAL ASISTEN PEMBINA MUTU HASIL KELAUTAN DAN PERIKANAN,,,,,,
8B91B70E3BC812E5E050640A29034DA5,DIKLAT FUNGSIONAL ASISTEN PENATA ANESTESI,,,,,,
8B91B70E3BDF12E5E050640A29034DA5,DIKLAT FUNGSIONAL ASISTEN PENGELOLA PRODUKSI PERIKANAN TANGKAP,,,,,,
8B91B70E3BEC12E5E050640A29034DA5,DIKLAT FUNGSIONAL ASISTEN PENGUJI PERANGKAT TELEKOMUNIKASI,,,,,,
8B91B70E3B7B12E5E050640A29034DA5,DIKLAT FUNGSIONAL ASISTEN PENILAI PAJAK,,,,,,
8B91B70E3C0F12E5E050640A29034DA5,DIKLAT FUNGSIONAL ASISTEN PERISALAH LEGISLATIF,,,,,,
8B91B70E3BE612E5E050640A29034DA5,DIKLAT FUNGSIONAL ASISTEN PRANATA SIARAN,,,,,,
8B91B70E3BE712E5E050640A29034DA5,DIKLAT FUNGSIONAL ASISTEN TEKNISI SIARAN,,,,,,
8B91B70E3BFB12E5E050640A29034DA5,DIKLAT FUNGSIONAL ASSESSOR SDM APARATUR,,,,,,
8B91B70E3BF712E5E050640A29034DA5,DIKLAT FUNGSIONAL AUDITOR,,,,,,
8B91B70E3BFC12E5E050640A29034DA5,DIKLAT FUNGSIONAL AUDITOR KEPEGAWAIAN,,,,,,
8B91B70E3BAF12E5E050640A29034DA5,DIKLAT FUNGSIONAL BIDAN,,,,,,
8B8231F908BC414AE050640A2903466B,DIKLAT FUNGSIONAL DIPLOMAT,,,,,,
8B91B70E3BB012E5E050640A29034DA5,DIKLAT FUNGSIONAL DOKTER,,,,,,
8B91B70E3BB112E5E050640A29034DA5,DIKLAT FUNGSIONAL DOKTER GIGI,,,,,,
8B91B70E3B9512E5E050640A29034DA5,DIKLAT FUNGSIONAL DOKTER HEWAN KARANTINA,,,,,,
8B91B70E3BB212E5E050640A29034DA5,DIKLAT FUNGSIONAL DOKTER PENDIDIK KLINIS,,,,,,
8B91B70E3BAB12E5E050640A29034DA5,DIKLAT FUNGSIONAL DOSEN,,,,,,
8B91B70E3BB412E5E050640A29034DA5,DIKLAT FUNGSIONAL ENTOMOLOG KESEHATAN,,,,,,
8B91B70E3BB312E5E050640A29034DA5,DIKLAT FUNGSIONAL EPIDEMIOLOG KESEHATAN,,,,,,
8B91B70E3BB612E5E050640A29034DA5,DIKLAT FUNGSIONAL FISIKAWAN MEDIS,,,,,,
8B91B70E3BB512E5E050640A29034DA5,DIKLAT FUNGSIONAL FISIOTERAPIS,,,,,,
8B91B70E3BA412E5E050640A29034DA5,DIKLAT FUNGSIONAL GURU,,,,,,
8B91B70E3B9712E5E050640A29034DA5,DIKLAT FUNGSIONAL INSPEKTUR KETENAGALISTRIKAN,,,,,,
8B91B70E3B9812E5E050640A29034DA5,DIKLAT FUNGSIONAL INSPEKTUR MINYAK DAN GAS BUMI,,,,,,
8B91B70E3BE412E5E050640A29034DA5,DIKLAT FUNGSIONAL INSPEKTUR MUTU HASIL PERIKANAN,,,,,,
8B91B70E3B9912E5E050640A29034DA5,DIKLAT FUNGSIONAL INSPEKTUR TAMBANG,,,,,,
8B91B70E3BCC12E5E050640A29034DA5,DIKLAT FUNGSIONAL INSTRUKTUR,,,,,,
8B91B70E3BF012E5E050640A29034DA5,DIKLAT FUNGSIONAL JAKSA,,,,,,
8B91B70E3BA212E5E050640A29034DA5,DIKLAT FUNGSIONAL KATALOGER,,,,,,
8B91B70E3BCF12E5E050640A29034DA5,DIKLAT FUNGSIONAL MEDIATOR HUBUNGAN INDUSTRIAL,,,,,,
8B91B70E3B8912E5E050640A29034DA5,DIKLAT FUNGSIONAL MEDIK VETERINER,,,,,,
8B91B70E3BB712E5E050640A29034DA5,DIKLAT FUNGSIONAL NUTRISIONIS,,,,,,
8B91B70E3BB812E5E050640A29034DA5,DIKLAT FUNGSIONAL OKUPASI TERAPIS,,,,,,
8B91B70E3B8012E5E050640A29034DA5,DIKLAT FUNGSIONAL OPERATOR SIAK,,,,,,
8B91B70E3BF112E5E050640A29034DA5,DIKLAT FUNGSIONAL OPERATOR TRANSMISI SANDI,,,,,,
8B91B70E3BB912E5E050640A29034DA5,DIKLAT FUNGSIONAL ORTHOTIS PROSTETIS,,,,,,
8B91B70E3BA512E5E050640A29034DA5,DIKLAT FUNGSIONAL PAMONG BELAJAR,,,,,,
8B91B70E3BA612E5E050640A29034DA5,DIKLAT FUNGSIONAL PAMONG BUDAYA,,,,,,
8B91B70E3B9612E5E050640A29034DA5,DIKLAT FUNGSIONAL PARAMEDIK KARANTINA HEWAN,,,,,,
8B91B70E3B8A12E5E050640A29034DA5,DIKLAT FUNGSIONAL PARAMEDIK VETERINER,,,,,,
8B91B70E3BD212E5E050640A29034DA5,DIKLAT FUNGSIONAL PEKERJA SOSIAL,,,,,,
8B91B70E3BEE12E5E050640A29034DA5,DIKLAT FUNGSIONAL PELATIH OLAHRAGA,,,,,,
8B91B70E3B7512E5E050640A29034DA5,DIKLAT FUNGSIONAL PELELANG,,,,,,
8B91B70E3B6C12E5E050640A29034DA5,DIKLAT FUNGSIONAL PEMBIMBING KEMASYARAKATAN,,,,,,
8B91B70E3BBA12E5E050640A29034DA5,DIKLAT FUNGSIONAL PEMBIMBING KESEHATAN KERJA,,,,,,
8B91B70E3BA112E5E050640A29034DA5,DIKLAT FUNGSIONAL PEMBINA JASA KONSTRUKSI,,,,,,
8B91B70E3BE512E5E050640A29034DA5,DIKLAT FUNGSIONAL PEMBINA MUTU HASIL KELAUTAN DAN PERIKANAN,,,,,,
8B91B70E3C0812E5E050640A29034DA5,DIKLAT FUNGSIONAL PEMERIKSA,,,,,,
8B91B70E3B7612E5E050640A29034DA5,DIKLAT FUNGSIONAL PEMERIKSA BEA DAN CUKAI,,,,,,
8B91B70E3B7112E5E050640A29034DA5,DIKLAT FUNGSIONAL PEMERIKSA DESAIN INDUSTRI,,,,,,
8B91B70E3B9412E5E050640A29034DA5,DIKLAT FUNGSIONAL PEMERIKSA KARANTINA TUMBUHAN,,,,,,
8B91B70E3B6D12E5E050640A29034DA5,DIKLAT FUNGSIONAL PEMERIKSA KEIMIGRASIAN,,,,,,
8B91B70E3B6E12E5E050640A29034DA5,DIKLAT FUNGSIONAL PEMERIKSA MEREK,,,,,,
8B91B70E3B7712E5E050640A29034DA5,DIKLAT FUNGSIONAL PEMERIKSA PAJAK,,,,,,
8B91B70E3B6F12E5E050640A29034DA5,DIKLAT FUNGSIONAL PEMERIKSA PATEN,,,,,,
8B91B70E3B9112E5E050640A29034DA5,DIKLAT FUNGSIONAL PEMERIKSA PVT,,,,,,
8B91B70E3BC912E5E050640A29034DA5,DIKLAT FUNGSIONAL PENATA ANESTESI,,,,,,
8B91B70E3B6512E5E050640A29034DA5,DIKLAT FUNGSIONAL PENATA KONSELERAI,,,,,,
8B91B70E3B7C12E5E050640A29034DA5,DIKLAT FUNGSIONAL PENATA LAKSANA BARANG,,,,,,
8B91B70E3B9C12E5E050640A29034DA5,DIKLAT FUNGSIONAL PENATA RUANG,,,,,,
8B91B70E3BFF12E5E050640A29034DA5,DIKLAT FUNGSIONAL PENELITI,,,,,,
8B91B70E3B8112E5E050640A29034DA5,DIKLAT FUNGSIONAL PENERA,,,,,,
8B91B70E3BD412E5E050640A29034DA5,DIKLAT FUNGSIONAL PENERJEMAH,,,,,,
8B91B70E3B9A12E5E050640A29034DA5,DIKLAT FUNGSIONAL PENGAMAT GUNUNG API,,,,,,
8B91B70E3C0212E5E050640A29034DA5,DIKLAT FUNGSIONAL PENGAMAT METEREOLOGI DAN GEOFISIKA,,,,,,
8B91B70E3B8312E5E050640A29034DA5,DIKLAT FUNGSIONAL PENGAMAT TERA,,,,,,
8B91B70E3BCD12E5E050640A29034DA5,DIKLAT FUNGSIONAL PENGANTAR KERJA,,,,,,
8B91B70E3B8B12E5E050640A29034DA5,DIKLAT FUNGSIONAL PENGAWAS BENIH TANAMAN,,,,,,
8B91B70E3B8C12E5E050640A29034DA5,DIKLAT FUNGSIONAL PENGAWAS BIBIT TERNAK,,,,,,
8B91B70E3C0312E5E050640A29034DA5,DIKLAT FUNGSIONAL PENGAWAS FARMASI DAN MAKANAN,,,,,,
8B91B70E3B8412E5E050640A29034DA5,DIKLAT FUNGSIONAL PENGAWAS KEMETROLOGIAN,,,,,,
8B91B70E3B6712E5E050640A29034DA5,DIKLAT FUNGSIONAL PENGAWAS KESELAMATAN PELAYARAN,,,,,,
8B91B70E3BCE12E5E050640A29034DA5,DIKLAT FUNGSIONAL PENGAWAS KETENAGAKERJAAN,,,,,,
8B91B70E3BD912E5E050640A29034DA5,DIKLAT FUNGSIONAL PENGAWAS LINGKUNGAN HIDUP,,,,,,
8B91B70E3B8D12E5E050640A29034DA5,DIKLAT FUNGSIONAL PENGAWAS MUTU HASIL PANGAN,,,,,,
8B91B70E3B8E12E5E050640A29034DA5,DIKLAT FUNGSIONAL PENGAWAS MUTU PAKAN,,,,,,
8B91B70E3B7D12E5E050640A29034DA5,DIKLAT FUNGSIONAL PENGAWAS PENYELENGGARAAN URUSAN PEMERINTAHAN DI DAERAH (PENGAWAS PEMERINTAHAN),,,,,,
8B91B70E3BDA12E5E050640A29034DA5,DIKLAT FUNGSIONAL PENGAWAS PERIKANAN,,,,,,
8B91B70E3BF912E5E050640A29034DA5,DIKLAT FUNGSIONAL PENGAWAS RADIASI,,,,,,
8B91B70E3BA712E5E050640A29034DA5,DIKLAT FUNGSIONAL PENGAWAS SEKOLAH,,,,,,
8B91B70E3BDE12E5E050640A29034DA5,DIKLAT FUNGSIONAL PENGELOLA EKOSISTEM LAUT DAN PESISIR,,,,,,
8B91B70E3BE112E5E050640A29034DA5,DIKLAT FUNGSIONAL PENGELOLA KESEHATAN IKAN,,,,,,
8B91B70E3C0912E5E050640A29034DA5,DIKLAT FUNGSIONAL PENGELOLA PENGADAAN BARANG/JASA,,,,,,
8B91B70E3BE012E5E050640A29034DA5,DIKLAT FUNGSIONAL PENGELOLA PRODUKSI PERIKANAN TANGKAP,,,,,,
8B91B70E3BA912E5E050640A29034DA5,DIKLAT FUNGSIONAL PENGEMBANG TEKNOLOGI PEMBELAJARAN,,,,,,
8B91B70E3BD812E5E050640A29034DA5,DIKLAT FUNGSIONAL PENGENDALI DAMPAK LINGKUNGAN,,,,,,
8B91B70E3BD512E5E050640A29034DA5,DIKLAT FUNGSIONAL PENGENDALI EKOSISTEM HUKUM,,,,,,
DFCEE247A4A19AF2E050640AF10829CF,DIKLAT FUNGSIONAL PENGENDALI EKOSISTEM HUTAN,,,,,,
8B91B70E3BEA12E5E050640A29034DA5,DIKLAT FUNGSIONAL PENGENDALI FREKUENSI RADIO,,,,,,
8B91B70E3BDB12E5E050640A29034DA5,DIKLAT FUNGSIONAL PENGENDALI HAMA DAN PENYAKIT IKAN,,,,,,
8B91B70E3B8F12E5E050640A29034DA5,DIKLAT FUNGSIONAL PENGENDALI OPT,,,,,,
8B91B70E3BD112E5E050640A29034DA5,DIKLAT FUNGSIONAL PENGGERAK SWADAYA MASYARAKAT,,,,,,
8B91B70E3BCA12E5E050640A29034DA5,DIKLAT FUNGSIONAL PENGHULU,,,,,,
8B91B70E3B6812E5E050640A29034DA5,DIKLAT FUNGSIONAL PENGUJI KENDARAAN BERMOTOR,,,,,,
8B91B70E3BD012E5E050640A29034DA5,DIKLAT FUNGSIONAL PENGUJI KESELAMATAN DAN KESEHATAN KERJA (PENGUJI K3),,,,,,
8B91B70E3B8212E5E050640A29034DA5,DIKLAT FUNGSIONAL PENGUJI MUTU BARANG,,,,,,
8B91B70E3BED12E5E050640A29034DA5,DIKLAT FUNGSIONAL PENGUJI PERANGKAT TELEKOMUNIKASI,,,,,,
8B91B70E3B7A12E5E050640A29034DA5,DIKLAT FUNGSIONAL PENILAI PAJAK,,,,,,
8B91B70E3B7812E5E050640A29034DA5,DIKLAT FUNGSIONAL PENILAI PEMERINTAH,,,,,,
8B91B70E3BA812E5E050640A29034DA5,DIKLAT FUNGSIONAL PENILIK,,,,,,
8B91B70E3B9B12E5E050640A29034DA5,DIKLAT FUNGSIONAL PENYELIDIK BUMI,,,,,,
8B91B70E3C0C12E5E050640A29034DA5,DIKLAT FUNGSIONAL PENYIDIK BNN,,,,,,
8B91B70E3BCB12E5E050640A29034DA5,DIKLAT FUNGSIONAL PENYULUH AGAMA,,,,,,
8B91B70E3B7212E5E050640A29034DA5,DIKLAT FUNGSIONAL PENYULUH HUKUM,,,,,,
8B91B70E3BD612E5E050640A29034DA5,DIKLAT FUNGSIONAL PENYULUH KEHUTANAN,,,,,,
8B91B70E3BF412E5E050640A29034DA5,DIKLAT FUNGSIONAL PENYULUH KELUARGA BERENCANA,,,,,,
8B91B70E3BBB12E5E050640A29034DA5,DIKLAT FUNGSIONAL PENYULUH KESEHATAN MASYARAKAT,,,,,,
8B91B70E3C0B12E5E050640A29034DA5,DIKLAT FUNGSIONAL PENYULUH NARKOBA,,,,,,
8B91B70E3B7912E5E050640A29034DA5,DIKLAT FUNGSIONAL PENYULUH PAJAK,,,,,,
8B91B70E3BDC12E5E050640A29034DA5,DIKLAT FUNGSIONAL PENYULUH PERIKANAN,,,,,,
8B91B70E3B8612E5E050640A29034DA5,DIKLAT FUNGSIONAL PENYULUH PERINDUSTRIAN DAN PERDAGANGAN,,,,,,
8B91B70E3B9012E5E050640A29034DA5,DIKLAT FUNGSIONAL PENYULUH PERTANIAN,,,,,,
8B91B70E3BD312E5E050640A29034DA5,DIKLAT FUNGSIONAL PENYULUH SOSIAL,,,,,,
8B91B70E3B7012E5E050640A29034DA5,DIKLAT FUNGSIONAL PERANCANG PERATURAN PERUNDANG-UNDANGAN,,,,,,
8B91B70E3BBC12E5E050640A29034DA5,DIKLAT FUNGSIONAL PERAWAT,,,,,,
8B91B70E3BBD12E5E050640A29034DA5,DIKLAT FUNGSIONAL PERAWAT GIGI,,,,,,
8B91B70E3BBE12E5E050640A29034DA5,DIKLAT FUNGSIONAL PEREKAM MEDIS,,,,,,
8B91B70E3BF512E5E050640A29034DA5,DIKLAT FUNGSIONAL PEREKAYASA,,,,,,
8B91B70E3C0612E5E050640A29034DA5,DIKLAT FUNGSIONAL PERENCANA,,,,,,
8B91B70E3C0E12E5E050640A29034DA5,DIKLAT FUNGSIONAL PERISALAH LEGISLATIF,,,,,,
8B91B70E3BD712E5E050640A29034DA5,DIKLAT FUNGSIONAL POLISI KEHUTANAN,,,,,,
8B91B70E3B7E12E5E050640A29034DA5,DIKLAT FUNGSIONAL POLISI PAMONG PRAJA (POL PP),,,,,,
8B91B70E3BE912E5E050640A29034DA5,DIKLAT FUNGSIONAL PRANATA HUBUNGAN MASYARAKAT,,,,,,
8B91B70E3B6612E5E050640A29034DA5,DIKLAT FUNGSIONAL PRANATA INFORMASI DIPLOMATIK,,,,,,
8B91B70E3C0412E5E050640A29034DA5,DIKLAT FUNGSIONAL PRANATA KOMPUTER,,,,,,
8B91B70E3B8512E5E050640A29034DA5,DIKLAT FUNGSIONAL PRANATA LABORATORIUM KEMETROLOGIAN,,,,,,
8B91B70E3BBF12E5E050640A29034DA5,DIKLAT FUNGSIONAL PRANATA LABORATORIUM KESEHATAN,,,,,,
8B91B70E3BAA12E5E050640A29034DA5,DIKLAT FUNGSIONAL PRANATA LABORATORIUM PENDIDIKAN,,,,,,
8B91B70E3C0112E5E050640A29034DA5,DIKLAT FUNGSIONAL PRANATA NUKLIR,,,,,,
8B91B70E3BE812E5E050640A29034DA5,DIKLAT FUNGSIONAL PRANATA SIARAN,,,,,,
8B91B70E3BC012E5E050640A29034DA5,DIKLAT FUNGSIONAL PSIKOLOG KLINIS,,,,,,
8B91B70E3BF812E5E050640A29034DA5,DIKLAT FUNGSIONAL PUSTAKAWAN,,,,,,
8B91B70E3BC112E5E050640A29034DA5,DIKLAT FUNGSIONAL RADIOGRAFER,,,,,,
8B91B70E3BC212E5E050640A29034DA5,DIKLAT FUNGSIONAL REFRAKSIONIS OPTISIEN,,,,,,
8B91B70E3C0A12E5E050640A29034DA5,DIKLAT FUNGSIONAL RESCUER,,,,,,
8B91B70E3BF212E5E050640A29034DA5,DIKLAT FUNGSIONAL SANDIMAN,,,,,,
8B91B70E3BC312E5E050640A29034DA5,DIKLAT FUNGSIONAL SANITARIAN,,,,,,
8B91B70E3C0512E5E050640A29034DA5,DIKLAT FUNGSIONAL STATISTISI,,,,,,
8B91B70E3BF312E5E050640A29034DA5,DIKLAT FUNGSIONAL SURVEYOR PEMETAAN,,,,,,
8B91B70E3B9D12E5E050640A29034DA5,DIKLAT FUNGSIONAL TEKNIK JALAN DAN JEMBATAN,,,,,,
8B91B70E3B9E12E5E050640A29034DA5,DIKLAT FUNGSIONAL TEKNIK PENGAIRAN,,,,,,
8B91B70E3BA012E5E050640A29034DA5,DIKLAT FUNGSIONAL TEKNIK PENYEHATAN LINGKUNGAN,,,,,,
8B91B70E3B9F12E5E050640A29034DA5,DIKLAT FUNGSIONAL TEKNIK TATA BANGUNAN DAN PERUMAHAN,,,,,,
8B91B70E3BC412E5E050640A29034DA5,DIKLAT FUNGSIONAL TEKNISI ELEKTROMEDIS,,,,,,
8B91B70E3BC512E5E050640A29034DA5,DIKLAT FUNGSIONAL TEKNISI GIGI,,,,,,
8B91B70E3BF612E5E050640A29034DA5,DIKLAT FUNGSIONAL TEKNISI PENELITIAN DAN PEREKAYASAAN,,,,,,
8B91B70E3B6912E5E050640A29034DA5,DIKLAT FUNGSIONAL TEKNISI PENERBANGAN,,,,,,
8B91B70E3BEB12E5E050640A29034DA5,DIKLAT FUNGSIONAL TEKNISI SIARAN,,,,,,
8B91B70E3BC612E5E050640A29034DA5,DIKLAT FUNGSIONAL TEKNISI TRANSFUSI DARAH,,,,,,
8B91B70E3BC712E5E050640A29034DA5,DIKLAT FUNGSIONAL TERAPIS WICARA,,,,,,
8B91B70E3BFE12E5E050640A29034DA5,DIKLAT FUNGSIONAL WIDYAISWARA,,,,,,
D834501E63B63A8CE050640AF10824F4,DIKLAT HUMAS,,,,,,
D834501E63AC3A8CE050640AF10824F4,DIKLAT INFORMATION COMMUNICATION TECHNOLOGY,,,,,,
A5EB03E2022DF6A0E040640A040252AD,DIKLAT KADER PEMBIBITAN UDANG,,,,,,
A5EB03E2022EF6A0E040640A040252AD,DIKLAT KEPEMIMPINAN SERIKAT BURUH,,,,,,
A5EB03E2022FF6A0E040640A040252AD,DIKLAT KEPENDUDUKAN,,,,,,
A5EB03E20230F6A0E040640A040252AD,DIKLAT LANJUTAN PETUGAS OPERATOR,,,,,,
A5EB03E20221F6A0E040640A040252AD,DIKLAT LLD/PKB,,,,,,
A5EB03E20222F6A0E040640A040252AD,DIKLAT MANTRI HEWAN,,,,,,
A5EB03E20223F6A0E040640A040252AD,DIKLAT MASTER OF CEREMONY (MC),,,,,,
A5EB03E20224F6A0E040640A040252AD,DIKLAT MONITORING & PELAPORAN PEMBANG.,,,,,,
D834501E63BB3A8CE050640AF10824F4,DIKLAT MULTICAMERA MUSIK,,,,,,
D834501E63C03A8CE050640AF10824F4,DIKLAT MULTIPLEXING,,,,,,
D834501E63B53A8CE050640AF10824F4,DIKLAT OPERATOR AC NIELSON,,,,,,
A5EB03E20231F6A0E040640A040252AD,DIKLAT OPERATOR KOMPUTER,,,,,,
A5EB03E20225F6A0E040640A040252AD,DIKLAT PENANGGULANGAN BAHAYA KEBAKARAN,,,,,,
D834501E63B93A8CE050640AF10824F4,DIKLAT PENDAHULUAN JURNALISTIK TV,,,,,,
D834501E63B83A8CE050640AF10824F4,DIKLAT PENDAHULUAN PRODUKSI,,,,,,
D834501E63BA3A8CE050640AF10824F4,DIKLAT PENDAHULUAN TOS (TEKNIK OPERASIONAL STUDIO),,,,,,
A5EB03E20232F6A0E040640A040252AD,DIKLAT PENGAMANAN KESEHATAN HAJI,,,,,,
A5EB03E20233F6A0E040640A040252AD,DIKLAT PENILAIAN HARTA TETAP,,,,,,
A5EB03E20236F6A0E040640A040252AD,DIKLAT PENYULUH PERIKANAN TK.II,,,,,,
A5EB03E20235F6A0E040640A040252AD,DIKLAT PENYULUH PERTANIAN/PERIKANAN,,,,,,
E67F0157EEBFEB31E050640AF10844ED,DIKLAT PENYUSUNAN KURIKULUM,,,,,,
E67F0157EEC0EB31E050640AF10844ED,DIKLAT PENYUSUNAN MODUL,,,,,,
A5EB03E20226F6A0E040640A040252AD,DIKLAT PERPUSTAKAAN KELILING,,,,,,
A5EB03E20227F6A0E040640A040252AD,DIKLAT PROYEK MANAGEMENT SISTEM,,,,,,
D834501E63AF3A8CE050640AF10824F4,DIKLAT REPORTER OLAHRAGA,,,,,,
A5EB03E20237F6A0E040640A040252AD,DIKLAT SANDI,,,,,,
A5EB03E20238F6A0E040640A040252AD,DIKLAT SJDI,,,,,,
A5EB03E20228F6A0E040640A040252AD,DIKLAT TEK. & MANAG. PERENC. PEMBANG.,,,,,,
CEB02F55C44C5BA2E050640AF1085889,DIKLAT TEKNIS ANALIS ANGGARAN,,,,,,
CEB02F55C45C5BA2E050640AF1085889,DIKLAT TEKNIS ANALIS HUKUM,,,,,,
CEB02F55C4545BA2E050640AF1085889,DIKLAT TEKNIS ANALIS KEBIJAKAN,,,,,,
CF556584FA51276BE050640AF108582B,DIKLAT TEKNIS ANALIS KETATALAKSANAAN,,,,,,
CF556584FA52276BE050640AF108582B,DIKLAT TEKNIS ANALIS SDM APARATUR,,,,,,
CEB02F55C44D5BA2E050640AF1085889,DIKLAT TEKNIS ARSIPARIS,,,,,,
CEB02F55C4515BA2E050640AF1085889,DIKLAT TEKNIS ASESOR SDM,,,,,,
CF556584FA53276BE050640AF108582B,DIKLAT TEKNIS ASESOR SDM APARATUR,,,,,,
CF556584FA54276BE050640AF108582B,DIKLAT TEKNIS AUDITOR,,,,,,
CEB02F55C44F5BA2E050640AF1085889,DIKLAT TEKNIS AUDITOR,,,,,,
CEB02F55C45D5BA2E050640AF1085889,DIKLAT TEKNIS PELAKSANA,,,,,,
CEB02F55C4535BA2E050640AF1085889,DIKLAT TEKNIS PENATA LAKSANA BARANG,,,,,,
CF556584FA55276BE050640AF108582B,DIKLAT TEKNIS PENELAAH HUKUM,,,,,,
CEB02F55C4495BA2E050640AF1085889,DIKLAT TEKNIS PENGAWAS FARMASI DAN MAKANAN,,,,,,
CF556584FA56276BE050640AF108582B,DIKLAT TEKNIS PENGELOLA BARANG MILIK NEGARA,,,,,,
CEB02F55C44A5BA2E050640AF1085889,DIKLAT TEKNIS PENGELOLA KEUANGAN APBN,,,,,,
CEB02F55C44B5BA2E050640AF1085889,DIKLAT TEKNIS PENGELOLA PENGADAAN BARANG DAN JASA,,,,,,
CEB02F55C4525BA2E050640AF1085889,DIKLAT TEKNIS PENGELOLA SDM APARATUR,,,,,,
CEB02F55C4555BA2E050640AF1085889,DIKLAT TEKNIS PENGEMBANGAN TEKNOLOGI PEMBELAJARAN,,,,,,
CEB02F55C44E5BA2E050640AF1085889,DIKLAT TEKNIS PERANCANG UNDANG-UNDANG,,,,,,
CEB02F55C4575BA2E050640AF1085889,DIKLAT TEKNIS PERENCANA,,,,,,
CEB02F55C4565BA2E050640AF1085889,DIKLAT TEKNIS PRANATA HUMAS,,,,,,
CEB02F55C4505BA2E050640AF1085889,DIKLAT TEKNIS PRANATA KOMPUTER,,,,,,
CF556584FA58276BE050640AF108582B,DIKLAT TEKNIS PRANATA SDM APARATUR,,,,,,
D8BE940B5EAB87A4E050640AF1080D2C,DIKLAT TEKNIS PRANATA SIARAN,,,,,,
CEB02F55C4585BA2E050640AF1085889,DIKLAT TEKNIS PSIKOLOGI KLINIS,,,,,,
CEB02F55C4595BA2E050640AF1085889,DIKLAT TEKNIS PUSTAKAWAN,,,,,,
CF556584FA59276BE050640AF108582B,DIKLAT TEKNIS SEKRETARIS,,,,,,
CEB02F55C45A5BA2E050640AF1085889,DIKLAT TEKNIS STATISTISI,,,,,,
CEB02F55C45E5BA2E050640AF1085889,DIKLAT TEKNIS STRUKTURAL,,,,,,
D07CD28E524AC8B3E050640AF1084D6F,DIKLAT TEKNIS TELEKOMUNIKASI,,,,,,
CF556584FA5A276BE050640AF108582B,DIKLAT TEKNIS VERIFIKATUR KEUANGAN,,,,,,
CEB02F55C45B5BA2E050640AF1085889,DIKLAT TEKNIS WIDYAISWARA,,,,,,
A5EB03E20239F6A0E040640A040252AD,DIKLAT TEKNOLOGI PERIKANAN AIR PAYAU,,,,,,
A5EB03E2023AF6A0E040640A040252AD,DIKLAT TEKNOLOGI PERIKANAN AIR TAWAR,,,,,,
A5EB03E20229F6A0E040640A040252AD,DIKLAT TENAGA PENELITI,,,,,,
A5EB03E2023BF6A0E040640A040252AD,DIKLAT TENAGA SOSIAL,,,,,,
A5EB03E2022AF6A0E040640A040252AD,DIKLAT TERNAK BABI,,,,,,
D834501E63AA3A8CE050640AF10824F4,DIKLAT TRAINING OF TRAINER,,,,,,
D834501E63B33A8CE050640AF10824F4,DIKLAT UMUM VIDEO EDITOR (ONLINE - PERHUBUNGAN),,,,,,
A5EB03E2023CF6A0E040640A040252AD,DRAINASE JALAN,,,,,,
A5EB03E2023DF6A0E040640A040252AD,EKONOMI PERTANIAN,,,,,,
D834501E63B43A8CE050640AF10824F4,ELECTRICAL GROUNDING,,,,,,
A5EB03E2023EF6A0E040640A040252AD,ENGINE/MESIN,,,,,,
A5EB03E2023FF6A0E040640A040252AD,FORUM KONST. BIDANG PENANAMAN MODAL,,,,,,
A5EB03E20240F6A0E040640A040252AD,FRAMBUSIA,,,,,,
A5EB03E20241F6A0E040640A040252AD,FUNGSI ADMINISTRASI,,,,,,
A5EB03E20432F6A0E040640A040252AD,GAS PENYULUHAN BIN TERPADU DESA TERPADU,,,,,,
A5EB03E20242F6A0E040640A040252AD,GAS REGISTER,,,,,,
A5EB03E20243F6A0E040640A040252AD,GENERAL GUIDE,,,,,,
A5EB03E20244F6A0E040640A040252AD,HAMA DAN PENYAKIT,,,,,,
A5EB03E20245F6A0E040640A040252AD,HANDLUS SEMEN,,,,,,
A5EB03E20246F6A0E040640A040252AD,HIJAUAN MAKANAN TERNAK,,,,,,
A5EB03E20247F6A0E040640A040252AD,HIMPUNAN PETUGAS PETERNAK SAPI PERAH,,,,,,
A5EB03E20248F6A0E040640A040252AD,HMT/KONSENTRAT,,,,,,
A5EB03E20249F6A0E040640A040252AD,HUMAS INDUSTRI,,,,,,
A5EB03E2024BF6A0E040640A040252AD,IB. (KETRAMPILAN KAWIN SUNTIK),,,,,,
A5EB03E2024AF6A0E040640A040252AD,IBEC,,,,,,
E67F0157EEC1EB31E050640AF10844ED,IDEOLOGI PANCASILA,,,,,,
A5EB03E2024CF6A0E040640A040252AD,INDUCTION TRAIN. BI&G TNMN KOPI & KELAPA,,,,,,
A5EB03E2024DF6A0E040640A040252AD,INPACT POIN SUB SEKTOR PETERNAKAN,,,,,,
A5EB03E2024EF6A0E040640A040252AD,INSEMINATOR,,,,,,
A5EB03E20254F6A0E040640A040252AD,INSEMINATOR STERILISASI KEBIDANAN,,,,,,
A5EB03E2024FF6A0E040640A040252AD,INSERI IUD,,,,,,
A5EB03E20250F6A0E040640A040252AD,INSERVE TRAINING KEPALA SD,,,,,,
A5EB03E20251F6A0E040640A040252AD,INSTRUKTUR CIPTA KARYA,,,,,,
A5EB03E20252F6A0E040640A040252AD,INTEG.ASPEK KEPEND.DLM PERENC.PEMBANG.,,,,,,
A5EB03E20253F6A0E040640A040252AD,IPTEK,,,,,,
A5EB03E20255F6A0E040640A040252AD,JOB TRAINING ADMINISTRASI KEPENDUDUKAN,,,,,,
A5EB03E20257F6A0E040640A040252AD,JOB TRAINING CATATAN SIPIL,,,,,,
A5EB03E20256F6A0E040640A040252AD,JOB TRAINING PETUGAS PERPUSTAKAAN,,,,,,
A5EB03E20258F6A0E040640A040252AD,JURU PENGAIRAN,,,,,,
A5EB03E20259F6A0E040640A040252AD,JURU PERIKSA DAGING,,,,,,
A5EB03E2025AF6A0E040640A040252AD,JURU PERIKSA HEWAN,,,,,,
A5EB03E2025BF6A0E040640A040252AD,JURU SITA,,,,,,
A5EB03E2025CF6A0E040640A040252AD,KADER PETERNAKAN,,,,,,
A5EB03E2025DF6A0E040640A040252AD,KASI PENYULUHAN PERTANIAN KABUPATEN,,,,,,
A5EB03E2025EF6A0E040640A040252AD,KB KESEHATAN,,,,,,
203EC71A5EE7556AE050640A02020497,KELOMPOK KERJA GURU,,,,,,
315A64AF2ACBE9EDE050640A29020F6C,KEPEMIMPINAN DAN SUMBER DAYA MANUSIA,,,,,,
A5EB03E2025FF6A0E040640A040252AD,KEPROTOKOLAN,,,,,,
A5EB03E20260F6A0E040640A040252AD,KEPUSTAKAAN,,,,,,
A5EB03E20261F6A0E040640A040252AD,KESEHATAN HEWAN,,,,,,
A5EB03E20262F6A0E040640A040252AD,KESEHATAN LINGKUNGAN,,,,,,
A5EB03E2026CF6A0E040640A040252AD,KET KHUSUS PEMASARAN PETERNAKAN,,,,,,
A5EB03E20263F6A0E040640A040252AD,KETERAMPILAN BUDUDAYA UDANG,,,,,,
A5EB03E20264F6A0E040640A040252AD,KETERAMPILAN LABORATORIUM,,,,,,
A5EB03E20266F6A0E040640A040252AD,KETERAMPILAN PENANGGULANGAN HAMA,,,,,,
A5EB03E20268F6A0E040640A040252AD,KETRAMPILAN PERTAMANAN,,,,,,
A5EB03E20269F6A0E040640A040252AD,KETRAMPILAN PETUGAS TEKNIS PERIKANAN,,,,,,
A5EB03E2026AF6A0E040640A040252AD,KETRAMPILAN TEKNIK BIDANG PENGAMAT,,,,,,
A5EB03E20265F6A0E040640A040252AD,KETRAMP.LABORATORIUM KESEHATAN HEWAN,,,,,,
A5EB03E2026DF6A0E040640A040252AD,KIPI,,,,,,
A5EB03E2026EF6A0E040640A040252AD,KKD,,,,,,
E67F0157EEC2EB31E050640AF10844ED,KOMUNIKASI PUBLIK,,,,,,
A5EB03E2026FF6A0E040640A040252AD,KOMUNIKASI TENAGA KES TK.KECAMATAN,,,,,,
A5EB03E20270F6A0E040640A040252AD,KONSTRUKSI TAHAN GEMPA,,,,,,
A5EB03E20271F6A0E040640A040252AD,KOPERASI,,,,,,
A5EB03E20272F6A0E040640A040252AD,KPD,,,,,,
A5EB03E20273F6A0E040640A040252AD,KUBADA,,,,,,
A5EB03E20274F6A0E040640A040252AD,KUP,,,,,,
203EC71A5EE6556AE050640A02020497,KURIKULUM,,,,,,
A5EB03E20281F6A0E040640A040252AD,KURSUS  BID PEM DAN PEMBANGUNAN,,,,,,
A5EB03E20345F6A0E040640A040252AD,KURSUS  PKB,,,,,,
A5EB03E20276F6A0E040640A040252AD,KURSUS ADMINISTRASI KEPEGAWAIAN,,,,,,
A5EB03E20277F6A0E040640A040252AD,KURSUS ADMINISTRASI PENGAWASAN,,,,,,
A5EB03E20278F6A0E040640A040252AD,KURSUS ALSISIS PERTANIAN,,,,,,
A5EB03E20279F6A0E040640A040252AD,KURSUS AMDAL,,,,,,
A5EB03E2027BF6A0E040640A040252AD,KURSUS ASISTENSI REPRODUKSI TERNAK,,,,,,
A5EB03E2027AF6A0E040640A040252AD,KURSUS ASPAL BUTON,,,,,,
A5EB03E2027CF6A0E040640A040252AD,KURSUS A.V 1941,,,,,,
A5EB03E2027DF6A0E040640A040252AD,KURSUS BANTUAN HUKUM,,,,,,
E67F0157EEC3EB31E050640AF10844ED,KURSUS BENDAHARAWAN,,,,,,
A5EB03E2027EF6A0E040640A040252AD,KURSUS BENDAHARAWAN,,,,,,
A5EB03E2027FF6A0E040640A040252AD,KURSUS BENDAHARAWAN A PARALEL,,,,,,
A5EB03E20275F6A0E040640A040252AD,KURSUS BON A,,,,,,
A5EB03E20283F6A0E040640A040252AD,KURSUS DAERAH RAWAN UPGK,,,,,,
A5EB03E20284F6A0E040640A040252AD,KURSUS DASAR-DASAR AMDAL,,,,,,
A5EB03E20286F6A0E040640A040252AD,KURSUS DENITAS TEPAT GUNA,,,,,,
A5EB03E20287F6A0E040640A040252AD,KURSUS DESIGN JALAN/JEMBATAN,,,,,,
A5EB03E2028AF6A0E040640A040252AD,KURSUS HIJAUAN MAKAN TERNAK,,,,,,
A5EB03E2028BF6A0E040640A040252AD,KURSUS INSTRUKTUR PENYULUH INDUSTRI,,,,,,
A5EB03E2028CF6A0E040640A040252AD,KURSUS INVENTORY JALAN LOKAL KABUPATEN,,,,,,
A5EB03E2028DF6A0E040640A040252AD,KURSUS IRIGASI,,,,,,
A5EB03E2028EF6A0E040640A040252AD,KURSUS JABATAN PENGAMAT PAJAK,,,,,,
A5EB03E2028FF6A0E040640A040252AD,KURSUS JURU GAMBAR,,,,,,
A5EB03E20290F6A0E040640A040252AD,KURSUS JURU RUNDING,,,,,,
A5EB03E20291F6A0E040640A040252AD,KURSUS JURU UKUR,,,,,,
A5EB03E2035BF6A0E040640A040252AD,KURSUS KA WAORKSJOP,,,,,,
A5EB03E20292F6A0E040640A040252AD,KURSUS KADER PENDAPATAN DAERAH,,,,,,
A5EB03E20293F6A0E040640A040252AD,KURSUS KEPALA WORKSHOP,,,,,,
A5EB03E20294F6A0E040640A040252AD,KURSUS KEPARIWISATAAN,,,,,,
A5EB03E20295F6A0E040640A040252AD,KURSUS KERANGKA PEMB DAN STRATEGI,,,,,,
A5EB03E20296F6A0E040640A040252AD,KURSUS KESEJAHTERAAN SOSIAL,,,,,,
A5EB03E20297F6A0E040640A040252AD,KURSUS KETATA USAHAAN,,,,,,
A5EB03E20298F6A0E040640A040252AD,KURSUS KEUANGAN,,,,,,
A5EB03E20299F6A0E040640A040252AD,KURSUS KOMPUTER,,,,,,
A5EB03E2029AF6A0E040640A040252AD,KURSUS KONSERVASI LAHAN PASANG SURUT,,,,,,
A5EB03E2029BF6A0E040640A040252AD,KURSUS KONTRASEPSI,,,,,,
A5EB03E2029CF6A0E040640A040252AD,KURSUS KOPERASI TK DASAR,,,,,,
A5EB03E2029DF6A0E040640A040252AD,KURSUS KUD MANDIRI,,,,,,
A5EB03E2029EF6A0E040640A040252AD,KURSUS KURK,,,,,,
A5EB03E2029FF6A0E040640A040252AD,KURSUS LABOTARIUM,,,,,,
A5EB03E202A1F6A0E040640A040252AD,KURSUS LOAN ADB,,,,,,
A5EB03E2035CF6A0E040640A040252AD,KURSUS LPPU,,,,,,
A5EB03E202A4F6A0E040640A040252AD,KURSUS MANAJEMEN DAN PENDAPATAN,,,,,,
A5EB03E202A2F6A0E040640A040252AD,KURSUS MANAJEMEN PROYEK,,,,,,
A5EB03E202A5F6A0E040640A040252AD,KURSUS MANAJEMEN PROYEK,,,,,,
A5EB03E202A7F6A0E040640A040252AD,KURSUS MANDOR,,,,,,
A5EB03E202A8F6A0E040640A040252AD,KURSUS MEKANIK,,,,,,
A5EB03E202A9F6A0E040640A040252AD,KURSUS MEKANIK ENGINE ELECTRIAL,,,,,,
A5EB03E202AAF6A0E040640A040252AD,KURSUS NAMA PENYAKIT TANAMAN,,,,,,
A5EB03E202ABF6A0E040640A040252AD,KURSUS OBJEK WISATA,,,,,,
A5EB03E202ACF6A0E040640A040252AD,KURSUS OJT,,,,,,
A5EB03E202ADF6A0E040640A040252AD,KURSUS OPERATOR,,,,,,
A5EB03E202AEF6A0E040640A040252AD,KURSUS OPERATOR DEP.PU,,,,,,
A5EB03E202B7F6A0E040640A040252AD,KURSUS P3A,,,,,,
A5EB03E202B8F6A0E040640A040252AD,KURSUS P3KN,,,,,,
A5EB03E202B9F6A0E040640A040252AD,KURSUS P5D,,,,,,
A5EB03E202BAF6A0E040640A040252AD,KURSUS PAPTES,,,,,,
A5EB03E202BCF6A0E040640A040252AD,KURSUS PELAKSANA KONTRUKSI JALAN,,,,,,
A5EB03E202BDF6A0E040640A040252AD,KURSUS PELATIH KADER PEMB DESA TERPADU,,,,,,
A5EB03E202C1F6A0E040640A040252AD,KURSUS PEMBANTU BATU CETAK,,,,,,
A5EB03E202C3F6A0E040640A040252AD,KURSUS PEMBINAAN LLAJR,,,,,,
A5EB03E202C4F6A0E040640A040252AD,KURSUS PEMBINAAN PEMERINTAHAN,,,,,,
A5EB03E202C5F6A0E040640A040252AD,KURSUS PEMBINAAN TENAGA KERJA,,,,,,
A5EB03E202C6F6A0E040640A040252AD,KURSUS PEMERIKSAAN KEBUNTINGAN,,,,,,
A5EB03E2031BF6A0E040640A040252AD,KURSUS PENDAPATAN DAERAH,,,,,,
A5EB03E2031CF6A0E040640A040252AD,KURSUS PENDIDIKAN RONTGEN,,,,,,
A5EB03E2031DF6A0E040640A040252AD,KURSUS PENEGAK HUKUM LINGKUNGAN,,,,,,
A5EB03E2031EF6A0E040640A040252AD,KURSUS PENGAIRAN,,,,,,
A5EB03E2031FF6A0E040640A040252AD,KURSUS PENGATUR PERJALAN WISATA,,,,,,
A5EB03E20320F6A0E040640A040252AD,KURSUS PENGATUR WISATA,,,,,,
A5EB03E20321F6A0E040640A040252AD,KURSUS PENGAWAS BANGUNAN,,,,,,
A5EB03E20322F6A0E040640A040252AD,KURSUS PENGAWAS LAPANGAN IPJK,,,,,,
A5EB03E20323F6A0E040640A040252AD,KURSUS PENGAWAS PELAKSANA,,,,,,
A5EB03E20324F6A0E040640A040252AD,KURSUS PENGAWASAN,,,,,,
A5EB03E20325F6A0E040640A040252AD,KURSUS PENGAWASAN MUTU,,,,,,
A5EB03E20326F6A0E040640A040252AD,KURSUS PENGAWASAN PELAKSANAAN PUK,,,,,,
A5EB03E20329F6A0E040640A040252AD,KURSUS PENGENDALIAN HAMA,,,,,,
A5EB03E2032AF6A0E040640A040252AD,KURSUS PENGENDALIAN MUTU,,,,,,
A5EB03E2032BF6A0E040640A040252AD,KURSUS PENGURUS KPN,,,,,,
A5EB03E2032DF6A0E040640A040252AD,KURSUS PENYEGARAN SAPI BALI,,,,,,
A5EB03E20336F6A0E040640A040252AD,KURSUS PERENC FISIK PARIWISATA,,,,,,
A5EB03E20333F6A0E040640A040252AD,KURSUS PERENC PEMBANGUNAN PERIKANAN,,,,,,
A5EB03E20334F6A0E040640A040252AD,KURSUS PERENC PEMBANGUNAN/KIP,,,,,,
A5EB03E20331F6A0E040640A040252AD,KURSUS PERENCAAN,,,,,,
A5EB03E20332F6A0E040640A040252AD,KURSUS PERENCAAN KOTA,,,,,,
A5EB03E20338F6A0E040640A040252AD,KURSUS PERHITUNGAN ANGGARAN,,,,,,
A5EB03E2033AF6A0E040640A040252AD,KURSUS PERPAJAKAN,,,,,,
A5EB03E2033BF6A0E040640A040252AD,KURSUS PERPAJAKAN DAERAH,,,,,,
A5EB03E2033CF6A0E040640A040252AD,KURSUS PERTELAAHAN STAF PARIPURNA,,,,,,
A5EB03E2033DF6A0E040640A040252AD,KURSUS PETUGAS BIDANG BINA MARGA,,,,,,
A5EB03E20341F6A0E040640A040252AD,KURSUS PETUGAS PUPT TK NASIONAL,,,,,,
A5EB03E20340F6A0E040640A040252AD,KURSUS PETUGAS TERNAK KAMBING,,,,,,
A5EB03E20342F6A0E040640A040252AD,KURSUS PIMP PERUSAHAAN PERIKANAN LAUT,,,,,,
A5EB03E20344F6A0E040640A040252AD,KURSUS PJM P3KT + KOCP,,,,,,
A5EB03E20349F6A0E040640A040252AD,KURSUS QUALITY CONTROL,,,,,,
A5EB03E2034AF6A0E040640A040252AD,KURSUS REGIONAL,,,,,,
A5EB03E2034BF6A0E040640A040252AD,KURSUS SANITASI TEPAT GUNA,,,,,,
A5EB03E2035DF6A0E040640A040252AD,KURSUS SAPI PERAH,,,,,,
A5EB03E2034CF6A0E040640A040252AD,KURSUS SISTEM PEMBUANGAN LIMBAH,,,,,,
A5EB03E2034EF6A0E040640A040252AD,KURSUS STATISTIK,,,,,,
A5EB03E2034FF6A0E040640A040252AD,KURSUS SUPERVISI,,,,,,
A5EB03E20350F6A0E040640A040252AD,KURSUS TEKNIK PERKEBUNAN,,,,,,
A5EB03E20351F6A0E040640A040252AD,KURSUS TEKNIK TATA KOTA DAN DAERAH,,,,,,
A5EB03E20353F6A0E040640A040252AD,KURSUS TEKNIS PERIKANAN,,,,,,
A5EB03E20354F6A0E040640A040252AD,KURSUS TEKNISI LABOTARIUM,,,,,,
A5EB03E20352F6A0E040640A040252AD,KURSUS TEKNISI RADIO KOMUNIKASI,,,,,,
A5EB03E20355F6A0E040640A040252AD,KURSUS TEMU KARYA GIZI TERPADU,,,,,,
A5EB03E20356F6A0E040640A040252AD,KURSUS TENAGA KERJA,,,,,,
A5EB03E20357F6A0E040640A040252AD,KURSUS TERTULIS PARIWISATA,,,,,,
A5EB03E2035AF6A0E040640A040252AD,KURSUS URBAN TRANSPORTASI PROJECT IBRD,,,,,,
A5EB03E20359F6A0E040640A040252AD,KURSUS USAHA GIZI KELUARGA,,,,,,
A5EB03E20358F6A0E040640A040252AD,KURSUS USUS TANAH,,,,,,
A5EB03E20362F6A0E040640A040252AD,LAT ANALIS KEMAMPUAN MANAJEMEN(AKM),,,,,,
A5EB03E20365F6A0E040640A040252AD,LAT BAGI APARAT PENGEMBANGAN PERKOTAAN,,,,,,
A5EB03E2035EF6A0E040640A040252AD,LAT CATAR MANAG.PEMERINT.WILCAM DI DT II,,,,,,
A5EB03E20303F6A0E040640A040252AD,LAT DIK.TNG.SUPERV.BID.PERUB.&PENGEM.SOS,,,,,,
A5EB03E2044FF6A0E040640A040252AD,LAT DITEKSI DINI TUMBUH KEMBANG BALITA,,,,,,
A5EB03E203BCF6A0E040640A040252AD,LAT GAS CARA PENGGUNAAN RACUN HAMA PENY,,,,,,
A5EB03E20381F6A0E040640A040252AD,LAT GAS EK. PERTANIAN DRH TRANSMIGRASI,,,,,,
A5EB03E202CDF6A0E040640A040252AD,LAT. INST PENANGGULAN BENCANA ALAM,,,,,,
A5EB03E202CFF6A0E040640A040252AD,LAT INTEG.ASP KEPEND.DLM PERENC PEMBANG.,,,,,,
A5EB03E202D0F6A0E040640A040252AD,LAT. INTENSIFIKASI PEMBENIHAN IKAN,,,,,,
A5EB03E202D1F6A0E040640A040252AD,LAT INVENTARISASI SENSUS BARANG DIDAERAH,,,,,,
A5EB03E202D2F6A0E040640A040252AD,LAT. KADER PEMBANGUNAN DESA,,,,,,
A5EB03E202DBF6A0E040640A040252AD,LAT KERJA PENGAMAT PENGAIRAN,,,,,,
A5EB03E202DAF6A0E040640A040252AD,LAT KERJA PENYUSUNAN PROG.JANG.MENENGAH,,,,,,
A5EB03E202DCF6A0E040640A040252AD,LAT KETRAMPILAN ALAT MESIN PERTANIAN,,,,,,
A5EB03E202DFF6A0E040640A040252AD,LAT KETRAMPILAN BETERNAK AYAM BURAS,,,,,,
A5EB03E202DDF6A0E040640A040252AD,LAT KETRAMPILAN PENYAKIT HEWAN,,,,,,
A5EB03E202E0F6A0E040640A040252AD,LAT KETRAMPILAN TENAGA TEKNIK PETERNAKAN,,,,,,
A5EB03E202E2F6A0E040640A040252AD,LAT KHUSUS KONTRASEPSI BARU,,,,,,
A5EB03E202E3F6A0E040640A040252AD,LAT MAIZOSEET TECHNOLOGY COURS,,,,,,
A5EB03E202E5F6A0E040640A040252AD,LAT MANAG.PEMB.DESA TERPADU BG SEKWILCAM,,,,,,
A5EB03E202EAF6A0E040640A040252AD,LAT MENDISSEMINASI KONSEP TT RUANG KOTA,,,,,,
A5EB03E2030DF6A0E040640A040252AD,LAT OPERATOR ALAT METEOROLOGI PERTANIAN,,,,,,
A5EB03E20449F6A0E040640A040252AD,LAT PARAMEDIS PUSKESMAS DNG TEMPAT TIDUR,,,,,,
A5EB03E202F1F6A0E040640A040252AD,LAT PEG BARU (TTG PAJAK & RETRIBUSI DRH),,,,,,
A5EB03E202F2F6A0E040640A040252AD,LAT PEGAWAI DALAM LINGKUNGAN DIPENDA,,,,,,
A5EB03E202FAF6A0E040640A040252AD,LAT PEMILIHAN LOK.PRO PADAT KARYA(WIPAK),,,,,,
A5EB03E202FEF6A0E040640A040252AD,LAT PENANGANAN KES. HEWAN AYAM BURAS,,,,,,
A5EB03E202FFF6A0E040640A040252AD,LAT PENANGGUL PETERNAKAN PENDPTAN RENDAH,,,,,,
A5EB03E20305F6A0E040640A040252AD,"LAT PENGAMAT HAMA, ISKARA TEH PRODUKSI",,,,,,
A5EB03E20318F6A0E040640A040252AD,LAT PERENC. & TATA LAKSANA PEMBANG. DRH,,,,,,
A5EB03E20378F6A0E040640A040252AD,LAT PERENC. & TATA LAKSANA PEMBANG. DRH,,,,,,
A5EB03E20316F6A0E040640A040252AD,LAT PERENC.ADM. BAGI KETUA BAPPEDA,,,,,,
A5EB03E2039AF6A0E040640A040252AD,LAT PREPARATION MONITOR&EVAL DEVL PROJ.,,,,,,
A5EB03E2039CF6A0E040640A040252AD,LAT PROG. INTEGRASI KB KELAPA HIBRIDA,,,,,,
A5EB03E203ABF6A0E040640A040252AD,LAT STAF PENYULUHAN SUB SEKT NON PANGAN,,,,,,
A5EB03E203ADF6A0E040640A040252AD,LAT STATISTIK PENGOLAH DATA PERIKANAN,,,,,,
A5EB03E202DEF6A0E040640A040252AD,LAT TRAMP.REPRO.&KONTROL STERILISASI PHM,,,,,,
A5EB03E20466F6A0E040640A040252AD,LAT.GAS LAP. PELAYANAN ANAK TERLANTAR,,,,,,
A5EB03E20361F6A0E040640A040252AD,LATIHAN ADM PERENC PEMBANGUNAN,,,,,,
A5EB03E20363F6A0E040640A040252AD,LATIHAN ANALIS MGT KB KESEHATAN TERPADU,,,,,,
A5EB03E20364F6A0E040640A040252AD,LATIHAN AUDIO VISUAL AID,,,,,,
A5EB03E20366F6A0E040640A040252AD,LATIHAN BERCOCOK TANAM,,,,,,
A5EB03E20367F6A0E040640A040252AD,LATIHAN BERCOCOK TANAMAN UBI KAYU,,,,,,
A5EB03E20368F6A0E040640A040252AD,LATIHAN BINA MUTU IKAN,,,,,,
A5EB03E20369F6A0E040640A040252AD,LATIHAN BUDIDAYA AIR PAYAU,,,,,,
A5EB03E2036AF6A0E040640A040252AD,LATIHAN BUDIDAYA AYAM BURAS,,,,,,
A5EB03E2036BF6A0E040640A040252AD,LATIHAN BUDIDAYA JERUK,,,,,,
A5EB03E2036CF6A0E040640A040252AD,LATIHAN BUDIDAYA PERIKANAN,,,,,,
A5EB03E2036DF6A0E040640A040252AD,LATIHAN CAMAT,,,,,,
A5EB03E2036EF6A0E040640A040252AD,LATIHAN DASAR KARET,,,,,,
A5EB03E2036FF6A0E040640A040252AD,LATIHAN DASAR PENYULUH,,,,,,
A5EB03E20370F6A0E040640A040252AD,LATIHAN DASAR PENYULUHAN P LAPANGAN,,,,,,
A5EB03E20371F6A0E040640A040252AD,LATIHAN DASAR PERENCANAAN,,,,,,
A5EB03E20372F6A0E040640A040252AD,LATIHAN DASAR PERLINDUNGAN TANAMAN,,,,,,
A5EB03E20373F6A0E040640A040252AD,LATIHAN DASAR PPL,,,,,,
A5EB03E20374F6A0E040640A040252AD,LATIHAN DASAR PPL/TEKNIS PERKEBUNAN,,,,,,
A5EB03E20375F6A0E040640A040252AD,LATIHAN DOKTER HEWAN KARANTINA,,,,,,
A5EB03E20376F6A0E040640A040252AD,LATIHAN HAMA PENYAKIT IKAN,,,,,,
A5EB03E20377F6A0E040640A040252AD,LATIHAN HAMA TANAMAN PERKEBUNAN,,,,,,
A5EB03E202C7F6A0E040640A040252AD,LATIHAN IDENTIFIKASI PENYAKIT,,,,,,
A5EB03E202C8F6A0E040640A040252AD,LATIHAN IMPAC POIN,,,,,,
A5EB03E202C9F6A0E040640A040252AD,LATIHAN INPACT POIN,,,,,,
A5EB03E202CAF6A0E040640A040252AD,LATIHAN INSEMINASI BUATAN,,,,,,
A5EB03E202CBF6A0E040640A040252AD,LATIHAN INSTESIPIKASI TERNAK KEJA,,,,,,
A5EB03E202D6F6A0E040640A040252AD,LATIHAN KA SEKSI PRODUKSI,,,,,,
A5EB03E202D3F6A0E040640A040252AD,LATIHAN KAMBING DAN BIRI-BIR,,,,,,
A5EB03E202D4F6A0E040640A040252AD,LATIHAN KARES PERIKANAN,,,,,,
A5EB03E202D5F6A0E040640A040252AD,LATIHAN KASI PENYULUHAN,,,,,,
A5EB03E202D7F6A0E040640A040252AD,LATIHAN KEBUN BENIH,,,,,,
A5EB03E2035FF6A0E040640A040252AD,LATIHAN KELAPA UPP KOPI,,,,,,
A5EB03E202D8F6A0E040640A040252AD,LATIHAN KEPEMP HFA.KBS BAGI PUSKESMAS,,,,,,
A5EB03E202E1F6A0E040640A040252AD,LATIHAN KEUANGAN,,,,,,
A5EB03E202E9F6A0E040640A040252AD,LATIHAN MAKANISME PERTANIAN,,,,,,
A5EB03E202E4F6A0E040640A040252AD,LATIHAN MANAJEMEN PEMBIBITAN KELAPA,,,,,,
A5EB03E202EBF6A0E040640A040252AD,LATIHAN MANAJEMEN PIMPINAN PUSKESMAS,,,,,,
A5EB03E202E6F6A0E040640A040252AD,LATIHAN MANAJEMEN PROGRAM KB,,,,,,
A5EB03E202E7F6A0E040640A040252AD,LATIHAN MANAJEMEN USAHA TANAH,,,,,,
A5EB03E202E8F6A0E040640A040252AD,LATIHAN MANTRI TANI,,,,,,
A5EB03E202ECF6A0E040640A040252AD,LATIHAN MINA PADI,,,,,,
A5EB03E202EDF6A0E040640A040252AD,LATIHAN MODUL 3,,,,,,
A5EB03E203A0F6A0E040640A040252AD,LATIHAN MONITORING DAN EVALUASI,,,,,,
A5EB03E202EEF6A0E040640A040252AD,LATIHAN OPERATOR PESAWAT FAX,,,,,,
A5EB03E202F0F6A0E040640A040252AD,LATIHAN ORIENTASI PPM,,,,,,
A5EB03E202EFF6A0E040640A040252AD,LATIHAN ORINTASI KB GENERASI MUDA,,,,,,
A5EB03E202F3F6A0E040640A040252AD,LATIHAN PELATIHAN KADER PEMBANGUNAN DESA,,,,,,
A5EB03E202F4F6A0E040640A040252AD,LATIHAN PEMANGKASAN KOPI,,,,,,
A5EB03E202F5F6A0E040640A040252AD,LATIHAN PEMASARAN HASIL PERTANIAN,,,,,,
A5EB03E202F6F6A0E040640A040252AD,LATIHAN PEMBAURAN BAGI KPPL,,,,,,
A5EB03E202F7F6A0E040640A040252AD,LATIHAN PEMBEKALAN KETERAMPILAN TEKHNIS,,,,,,
A5EB03E202F8F6A0E040640A040252AD,LATIHAN PEMBEKALAN PARA CAMAT,,,,,,
A5EB03E202FBF6A0E040640A040252AD,LATIHAN PEMBINAAN KARANG TARUNA,,,,,,
A5EB03E202F9F6A0E040640A040252AD,LATIHAN PEMBINAAN WANITA TANI,,,,,,
A5EB03E202FCF6A0E040640A040252AD,LATIHAN PEMUPUKAN BERIMBANG,,,,,,
A5EB03E202FDF6A0E040640A040252AD,LATIHAN PENANGANAN KESEHATAN HEWAN,,,,,,
A5EB03E20300F6A0E040640A040252AD,LATIHAN PENANGKAPAN IKAN,,,,,,
A5EB03E20301F6A0E040640A040252AD,LATIHAN PENCACAH DATA STATISTIK,,,,,,
A5EB03E20302F6A0E040640A040252AD,LATIHAN PENDIDIKAN K/KB,,,,,,
A5EB03E20304F6A0E040640A040252AD,LATIHAN PENGADAAN BARANG INVENT.LN.NEG,,,,,,
A5EB03E20306F6A0E040640A040252AD,LATIHAN PENGASUH BBI,,,,,,
A5EB03E20307F6A0E040640A040252AD,LATIHAN PENGAWAS OBAT HEWAN,,,,,,
A5EB03E20308F6A0E040640A040252AD,LATIHAN PENGAWASAN DAN PENGENDALIAN,,,,,,
A5EB03E20309F6A0E040640A040252AD,LATIHAN PENGELOLA OBAT DI PUSKESMAS,,,,,,
A5EB03E2030AF6A0E040640A040252AD,LATIHAN PENGELOLAAN BBI,,,,,,
A5EB03E2030BF6A0E040640A040252AD,LATIHAN PENGENDALIAN HAMA TERPADU,,,,,,
A5EB03E2030CF6A0E040640A040252AD,LATIHAN PENGKAJIAN DAMPAK LINGKUNGAN,,,,,,
A5EB03E2030EF6A0E040640A040252AD,LATIHAN PENGUJI SUSU,,,,,,
A5EB03E2030FF6A0E040640A040252AD,LATIHAN PENGULITAN,,,,,,
A5EB03E20310F6A0E040640A040252AD,LATIHAN PENINGKATAN PENGETAHUAN TEH PEG,,,,,,
A5EB03E20311F6A0E040640A040252AD,LATIHAN PENYAJIAN PROTOKER,,,,,,
A5EB03E20312F6A0E040640A040252AD,LATIHAN PENYULUH SUB SEKTOR NON PANGAN,,,,,,
A5EB03E20313F6A0E040640A040252AD,LATIHAN PENYULUHAN BAGI PPS,,,,,,
A5EB03E20314F6A0E040640A040252AD,LATIHAN PENYULUHAN PERTANIAN,,,,,,
A5EB03E20315F6A0E040640A040252AD,LATIHAN PENYULUHAN PERTANIAN SPESIALIS,,,,,,
A5EB03E20360F6A0E040640A040252AD,LATIHAN PERENC SD INPRES,,,,,,
A5EB03E20317F6A0E040640A040252AD,LATIHAN PERENCANAAN DAN PRAKTEK LAPANGAN,,,,,,
A5EB03E20379F6A0E040640A040252AD,LATIHAN PERENCANAAN PERTANIAN,,,,,,
A5EB03E2037AF6A0E040640A040252AD,LATIHAN PERENCANAAN PRODUKSI PERTANIAN,,,,,,
A5EB03E20319F6A0E040640A040252AD,LATIHAN PERENCANAAN STATISTIK KESEHATAN,,,,,,
A5EB03E2031AF6A0E040640A040252AD,LATIHAN PERENCANAAN TU PEMBANGUNAN,,,,,,
A5EB03E2037BF6A0E040640A040252AD,LATIHAN PERIKANAN AIR TAWAR,,,,,,
A5EB03E2037CF6A0E040640A040252AD,LATIHAN PERKREDITAN,,,,,,
A5EB03E2037DF6A0E040640A040252AD,LATIHAN PERKREDITAN DAN PEMASARAN,,,,,,
A5EB03E2037EF6A0E040640A040252AD,LATIHAN PERLINDUNGAN TANAMAN KOPI,,,,,,
A5EB03E2037FF6A0E040640A040252AD,LATIHAN PERLINDUNGAN TANAMAN PERKEBUNAN,,,,,,
A5EB03E20380F6A0E040640A040252AD,LATIHAN PETUGAS BENIH,,,,,,
A5EB03E20382F6A0E040640A040252AD,LATIHAN PETUGAS LBK,,,,,,
A5EB03E20383F6A0E040640A040252AD,LATIHAN PETUGAS MEDIS,,,,,,
A5EB03E20384F6A0E040640A040252AD,LATIHAN PETUGAS OPRS TRANSMIGRASI,,,,,,
A5EB03E20385F6A0E040640A040252AD,LATIHAN PETUGAS PALAWIJA,,,,,,
A5EB03E20386F6A0E040640A040252AD,LATIHAN PETUGAS PARAMEDIS/JURU SITA,,,,,,
A5EB03E20387F6A0E040640A040252AD,LATIHAN PETUGAS PENGUMPULAN DATA,,,,,,
A5EB03E20388F6A0E040640A040252AD,LATIHAN PETUGAS PERBAIKAN STATISTIK,,,,,,
A5EB03E20389F6A0E040640A040252AD,LATIHAN PETUGAS PERKEBUNAN,,,,,,
A5EB03E2038AF6A0E040640A040252AD,LATIHAN PETUGAS PERKEBUNAN / OLAH KEBUN,,,,,,
A5EB03E2038BF6A0E040640A040252AD,LATIHAN PETUGAS PERLINDUNGAN,,,,,,
A5EB03E2038CF6A0E040640A040252AD,LATIHAN PETUGAS PROYEK PKGB,,,,,,
A5EB03E2038DF6A0E040640A040252AD,LATIHAN PETUGAS TEKNIK LAPANGAN,,,,,,
A5EB03E2038EF6A0E040640A040252AD,LATIHAN PETUGAS UPP,,,,,,
A5EB03E2038FF6A0E040640A040252AD,LATIHAN PLPT,,,,,,
A5EB03E20390F6A0E040640A040252AD,LATIHAN PLPT KELAPA,,,,,,
A5EB03E20391F6A0E040640A040252AD,LATIHAN PLPT TEBU DAN KOPI,,,,,,
A5EB03E20392F6A0E040640A040252AD,LATIHAN PLPT TEMBAKAU,,,,,,
A5EB03E20393F6A0E040640A040252AD,LATIHAN PPL ANEKA USAHA TANI,,,,,,
A5EB03E20394F6A0E040640A040252AD,LATIHAN PPL/NAEP,,,,,,
A5EB03E20395F6A0E040640A040252AD,LATIHAN PPM SUPERVISOR,,,,,,
A5EB03E20396F6A0E040640A040252AD,LATIHAN PPS BD. AGRONOMI,,,,,,
A5EB03E20397F6A0E040640A040252AD,LATIHAN PPS DASAR,,,,,,
A5EB03E20398F6A0E040640A040252AD,LATIHAN PPS UNTUK PPT,,,,,,
A5EB03E20399F6A0E040640A040252AD,LATIHAN PPS UPPI,,,,,,
A5EB03E2039BF6A0E040640A040252AD,LATIHAN PRODUKSI PADI,,,,,,
A5EB03E2039DF6A0E040640A040252AD,LATIHAN PROP. PETUGAS PEMBINA PSM,,,,,,
A5EB03E2039EF6A0E040640A040252AD,LATIHAN PROTEKSI TANAMAN PERKEBUNAN,,,,,,
A5EB03E2039FF6A0E040640A040252AD,LATIHAN PROYEK MANAGEMEN SISTEM,,,,,,
A5EB03E203A1F6A0E040640A040252AD,LATIHAN PWS KB KESEHATAN,,,,,,
A5EB03E203A2F6A0E040640A040252AD,LATIHAN QUALITY KONTROL,,,,,,
A5EB03E203A3F6A0E040640A040252AD,LATIHAN REGISTRASI KEPENDUDUKAN,,,,,,
A5EB03E203A4F6A0E040640A040252AD,LATIHAN REGISTRASI PENDUDUK,,,,,,
A5EB03E203A5F6A0E040640A040252AD,LATIHAN RENDEMAN,,,,,,
A5EB03E203A6F6A0E040640A040252AD,LATIHAN SAPI PERAH,,,,,,
A5EB03E203A7F6A0E040640A040252AD,LATIHAN SATGASSOS PBA,,,,,,
A5EB03E203A8F6A0E040640A040252AD,LATIHAN SIKLUS PROGRAM PPC-A,,,,,,
A5EB03E203A9F6A0E040640A040252AD,LATIHAN SISTEM PENDIDIKAN KOMPUTER,,,,,,
A5EB03E203AAF6A0E040640A040252AD,LATIHAN STAF PENYULUHAN,,,,,,
A5EB03E203ACF6A0E040640A040252AD,LATIHAN STATISTIK,,,,,,
A5EB03E203AEF6A0E040640A040252AD,LATIHAN STRATIFIKASI BAGI TU PUSKESMAS,,,,,,
A5EB03E203AFF6A0E040640A040252AD,LATIHAN SUPERVISI,,,,,,
A5EB03E203B0F6A0E040640A040252AD,LATIHAN TANAMAN JAMUR,,,,,,
A5EB03E203B1F6A0E040640A040252AD,LATIHAN TEHNOLOGI PASCA PANEN,,,,,,
A5EB03E203B2F6A0E040640A040252AD,LATIHAN TEKNIK PEN. PROYEK,,,,,,
A5EB03E203B3F6A0E040640A040252AD,LATIHAN TEKNIS PENGENDALIAN LINGKUNGAN,,,,,,
A5EB03E203B4F6A0E040640A040252AD,LATIHAN TEKNIS PENYULUHAN,,,,,,
A5EB03E203B5F6A0E040640A040252AD,"LATIHAN TEKNIS PERAWAT, BIDAN",,,,,,
A5EB03E203B6F6A0E040640A040252AD,LATIHAN TEKNIS PERIKANAN,,,,,,
A5EB03E203B7F6A0E040640A040252AD,LATIHAN TEKNIS PERKEBUNAN,,,,,,
A5EB03E203B8F6A0E040640A040252AD,LATIHAN TEKNOLOGI KULIT,,,,,,
A5EB03E203B9F6A0E040640A040252AD,"LATIHAN TEKNOLOGI SUSU, DAGING, TELUR",,,,,,
A5EB03E203BAF6A0E040640A040252AD,LATIHAN TENAGA KEARSIPAN,,,,,,
A5EB03E203BBF6A0E040640A040252AD,LATIHAN UPGK,,,,,,
A5EB03E202CCF6A0E040640A040252AD,LAT.INST MANTAP.PENYL PEM. DESA,,,,,,
A5EB03E202CEF6A0E040640A040252AD,LAT.INST PENYELENGGARAAN PEM.DESA,,,,,,
A5EB03E20451F6A0E040640A040252AD,LAT.INTEG.ASPEK KEPEN.DL PROS.PERENC.DRH,,,,,,
A5EB03E202D9F6A0E040640A040252AD,LATJA PENYUS.INVEST.PRASARANA KATA P3KT,,,,,,
A5EB03E20456F6A0E040640A040252AD,LAT.MANAG.KEPEMIMPINAN WANITA BIKAS UKS,,,,,,
A5EB03E20461F6A0E040640A040252AD,LAT.PENGGUNAAN BHN TAMBAHAN PROYEK BIPIK,,,,,,
A5EB03E20463F6A0E040640A040252AD,LAT.PENINGK.KEMAMP.SEKWILMAT DARI MPP,,,,,,
A5EB03E20464F6A0E040640A040252AD,LAT.PERENC & PENILAIAN UPAYA KESEHATAN,,,,,,
A5EB03E2046BF6A0E040640A040252AD,LAT.REG.GAS.KES.DT II DLM UPAYA KES TRAD,,,,,,
A5EB03E20470F6A0E040640A040252AD,LAT.UPAYA KES.PEKERJA SEKTOR INFORMAL,,,,,,
A5EB03E203BEF6A0E040640A040252AD,LIMBAH RUMAH TANGGA,,,,,,
A5EB03E20490F6A0E040640A040252AD,LIT PELAK OT.NYATA&BERTANG.JWB PD DT II,,,,,,
A5EB03E203BFF6A0E040640A040252AD,LITSUS,,,,,,
A5EB03E203C0F6A0E040640A040252AD,LK3,,,,,,
A5EB03E203C1F6A0E040640A040252AD,LMLP PEMBANGUNAN DESA,,,,,,
A5EB03E203C2F6A0E040640A040252AD,LOKAKARYA MANAG.PEMBANG. SWADAYA MASY.,,,,,,
A5EB03E203C3F6A0E040640A040252AD,LPPTD,,,,,,
A5EB03E203CEF6A0E040640A040252AD,MANAG. AUDIT & SISTIM INFORMASI MANAG.,,,,,,
A5EB03E203C7F6A0E040640A040252AD,MANAGEMENT KELAPA,,,,,,
A5EB03E203C8F6A0E040640A040252AD,MANAGEMENT KELAPA UPP,,,,,,
A5EB03E203C9F6A0E040640A040252AD,MANAGEMENT KOPI,,,,,,
E67F0157EEC4EB31E050640AF10844ED,MANAGEMENT OF TRAINING,,,,,,
A5EB03E203D0F6A0E040640A040252AD,MANAGEMENT PEMBANGUNAN KOTA,,,,,,
A5EB03E203CAF6A0E040640A040252AD,MANAGEMENT PEMERINTAHAN DESA,,,,,,
A5EB03E203CBF6A0E040640A040252AD,MANAGEMENT PENDAPATAN DAERAH,,,,,,
A5EB03E203D7F6A0E040640A040252AD,MANAGEMENT PENYULUHAN PETERNAKAN,,,,,,
A5EB03E203CCF6A0E040640A040252AD,MANAGEMENT PERAIRAN UMUM,,,,,,
A5EB03E203C5F6A0E040640A040252AD,MANAGEMENT PERKOTAAN,,,,,,
A5EB03E203C6F6A0E040640A040252AD,MANAGEMENT PROYEK,,,,,,
A5EB03E203CDF6A0E040640A040252AD,MANAGEMENT USAHA TANI,,,,,,
A5EB03E203C4F6A0E040640A040252AD,MANAG.EXTEN.TRAINING COURSE DI AUSTRALIA,,,,,,
E67F0157EEC5EB31E050640AF10844ED,MANAJEMEN KESEKRETARIATAN,,,,,,
E67F0157EEC6EB31E050640AF10844ED,MANAJEMEN PELAKSANAAN KEGIATAN,,,,,,
E67F0157EEC7EB31E050640AF10844ED,MANAJEMEN PENGAWASAN,,,,,,
E67F0157EEC8EB31E050640AF10844ED,MANAJEMEN PENGELOLAAN ANGGARAN UNTUK KAJARI,,,,,,
E67F0157EEC9EB31E050640AF10844ED,MANAJEMEN PENYELIDIKAN PENYIDIKAN,,,,,,
E67F0157EECAEB31E050640AF10844ED,MANAJEMEN PERENCANAAN PROGRAM,,,,,,
E67F0157EECBEB31E050640AF10844ED,MANAJEMEN RESIKO,,,,,,
A5EB03E203CFF6A0E040640A040252AD,MANAMEMENT PADANG PENGEMBALAAN,,,,,,
A5EB03E203D1F6A0E040640A040252AD,MANDOR BINA MARGA,,,,,,
A5EB03E203D2F6A0E040640A040252AD,MAPATOA,,,,,,
A5EB03E203D3F6A0E040640A040252AD,MATA,,,,,,
A5EB03E201F7F6A0E040640A040252AD,MENGETIK,,,,,,
A5EB03E203D4F6A0E040640A040252AD,MESIN-MESIN PERTANIAN,,,,,,
A5EB03E203D5F6A0E040640A040252AD,METODOLOGI PENELITIAN,,,,,,
A5EB03E203D6F6A0E040640A040252AD,METRO PENELITIAN,,,,,,
A5EB03E203D8F6A0E040640A040252AD,MOTORIS PERIKANAN,,,,,,
A5EB03E203D9F6A0E040640A040252AD,MST (METODE SURVEY TERAPAN),,,,,,
A5EB03E203DAF6A0E040640A040252AD,MUSYAWARAH KESERASIAN SOSIAL,,,,,,
A5EB03E204F0F6A0E040640A040252AD,NAT. GAS PENGELOLA PROG.KUALITAS AIR,,,,,,
A5EB03E204E1F6A0E040640A040252AD,NAT. PENINGKATAN KA. URUSAN PEMERINTAHAN,,,,,,
A5EB03E204EAF6A0E040640A040252AD,NAT. PERENC. DAL.WAS &EVALUASI PEMBANG.,,,,,,
A5EB03E204D8F6A0E040640A040252AD,NAT.BIN PJB PEMBUAT PERATURAN PER U U AN,,,,,,
A5EB03E204B8F6A0E040640A040252AD,NAT.DIKLAT WAS KEU NEG.TINGKAT PELAKSANA,,,,,,
A5EB03E204EEF6A0E040640A040252AD,NAT.GAS PARAMEDIS MIKROSKOPIS & TB PARU,,,,,,
A5EB03E204EFF6A0E040640A040252AD,NAT.GAS PENATAR KESEHATAN MASY.PUSKESMAS,,,,,,
A5EB03E204BCF6A0E040640A040252AD,NAT.IMUN.&STUDI BANDING KASUBSI IMUNIS.,,,,,,
A5EB03E204BDF6A0E040640A040252AD,NAT.INSTRUK PEMANTAPAN PENYELENG. PEMDES,,,,,,
A5EB03E204D4F6A0E040640A040252AD,NAT.LAKS APLIKASI ADM. PENDAPATAN DRH,,,,,,
A5EB03E204D6F6A0E040640A040252AD,NAT.LAT.TEKNIS FUNG. DOKTER PUSKESMAS,,,,,,
A5EB03E204AAF6A0E040640A040252AD,NAT.MANAG.MOTIV.TRAIN.FOR PERFORME IMPR.,,,,,,
A5EB03E204D5F6A0E040640A040252AD,NAT.PELATIH INSTRUK.PENYELENGGARA DESA,,,,,,
A5EB03E204D7F6A0E040640A040252AD,NAT.PEMANTAPAN PELAKSANAAN WAJIB BELAJAR,,,,,,
A5EB03E204DAF6A0E040640A040252AD,NAT.PENENTUAN PERED.PEMBAGIAN DR TERPADU,,,,,,
A5EB03E204E2F6A0E040640A040252AD,NAT.PENING.KETRAMP KERJA APR BIN SOSPOL,,,,,,
A5EB03E204E5F6A0E040640A040252AD,NAT.PENYUSUNAN DESAIN&EVAL PROY LAT PKKT,,,,,,
A5EB03E204E6F6A0E040640A040252AD,NAT.PERAD HUK DIBERLAKUKAN U U NO.5/1986,,,,,,
A5EB03E204EBF6A0E040640A040252AD,NAT.PERENC.PADU PEMBANG.KOMP.HANKAM NEG.,,,,,,
A5EB03E204FEF6A0E040640A040252AD,NAT.SISTEM JARINGAN DOK.&INFORMASI HUKUM,,,,,,
A5EB03E204DBF6A0E040640A040252AD,NAT.WAS PARA PJB PENGURUS FUNG.DATI I/II,,,,,,
A5EB03E203DBF6A0E040640A040252AD,NET WORK PLAINING IV,,,,,,
A5EB03E203DCF6A0E040640A040252AD,O DAN M,,,,,,
A5EB03E203DDF6A0E040640A040252AD,O DAN M JARINGAN AIR BERSIH,,,,,,
A5EB03E203DEF6A0E040640A040252AD,OB FARM WATRO USE WATU MANAG TRAIN.& DEV,,,,,,
A5EB03E203DFF6A0E040640A040252AD,ON FARM WATER USE,,,,,,
A5EB03E203E0F6A0E040640A040252AD,ORGANISASI DAN MANAGEMENT PERPAJAKAN,,,,,,
A5EB03E203E8F6A0E040640A040252AD,ORIENT. PEMBG.DT.II TERPADU,,,,,,
A5EB03E203E1F6A0E040640A040252AD,ORIENTASI ADM. KEPENDUDUKAN,,,,,,
A5EB03E203E2F6A0E040640A040252AD,ORIENTASI LMD,,,,,,
A5EB03E203E3F6A0E040640A040252AD,ORIENTASI MANAGEMENT LPDT,,,,,,
A5EB03E203E4F6A0E040640A040252AD,ORIENTASI PEMBANGUNAN,,,,,,
A5EB03E203E5F6A0E040640A040252AD,ORIENTASI PERPUSTAKAAN,,,,,,
A5EB03E203E6F6A0E040640A040252AD,ORIENTASI PPL,,,,,,
A5EB03E203E7F6A0E040640A040252AD,ORIENTASI PROG. PENGHIJAUAN,,,,,,
A5EB03E203E9F6A0E040640A040252AD,P2 KUSTA,,,,,,
A5EB03E203EAF6A0E040640A040252AD,P2LPK,,,,,,
A5EB03E203EBF6A0E040640A040252AD,P2M,,,,,,
A5EB03E203ECF6A0E040640A040252AD,P5D,,,,,,
A5EB03E203EDF6A0E040640A040252AD,PAFPACK,,,,,,
A5EB03E203EEF6A0E040640A040252AD,PANGAN DAN GIZI,,,,,,
A5EB03E203EFF6A0E040640A040252AD,PANT. APARAT PENGEL. PEMB. KOTA,,,,,,
A5EB03E203F0F6A0E040640A040252AD,PATOLOGI ANATOMI,,,,,,
A5EB03E203F1F6A0E040640A040252AD,PCC - BP3KT,,,,,,
A5EB03E203F2F6A0E040640A040252AD,PDD,,,,,,
A5EB03E203F3F6A0E040640A040252AD,PDE,,,,,,
A5EB03E20447F6A0E040640A040252AD,PEJABAT INTI PROYEK,,,,,,
A5EB03E2026BF6A0E040640A040252AD,PELAKSANA SIPIL UMUM,,,,,,
A5EB03E20448F6A0E040640A040252AD,PELAKSANAAN SISTEM UDKP,,,,,,
A5EB03E2044CF6A0E040640A040252AD,PELAT. ACTION GROUP,,,,,,
A5EB03E2044DF6A0E040640A040252AD,PELAT. ANTENATAL CARE PERAWAT PUSKESMAS,,,,,,
A5EB03E2044EF6A0E040640A040252AD,PELAT. AYAM BOILER/LAYUR,,,,,,
A5EB03E20450F6A0E040640A040252AD,PELAT. DOKTER PUSKESMAS,,,,,,
A5EB03E20452F6A0E040640A040252AD,PELAT. ISK-UDKP PEMBINA TEKNIS KPD-LKMD,,,,,,
A5EB03E20453F6A0E040640A040252AD,PELAT. KEPALA PERIKANAN SE INDONESIA,,,,,,
A5EB03E20454F6A0E040640A040252AD,PELAT. KEPEMIMPINAN AMPI,,,,,,
A5EB03E20455F6A0E040640A040252AD,PELAT. KHUSUS PENCABUTAN IMPLAN,,,,,,
A5EB03E20457F6A0E040640A040252AD,PELAT. METODOLOGI,,,,,,
A5EB03E20458F6A0E040640A040252AD,PELAT. PELATIH PDT,,,,,,
A5EB03E20459F6A0E040640A040252AD,PELAT. PEMBENIHAN KAKAP PUTIH,,,,,,
A5EB03E2045AF6A0E040640A040252AD,PELAT. PEMBERANTASAN DBD,,,,,,
A5EB03E2045BF6A0E040640A040252AD,PELAT. PEMBINAAN KESOS REMAJA,,,,,,
A5EB03E2045CF6A0E040640A040252AD,PELAT. PENANGANAN SEMEN BEKU,,,,,,
A5EB03E2045DF6A0E040640A040252AD,PELAT. PENANGGULANANGAN GAKI,,,,,,
A5EB03E2045EF6A0E040640A040252AD,PELAT. PENGAMALAN PUSKESMAS,,,,,,
A5EB03E2045FF6A0E040640A040252AD,PELAT. PENGAMBILAN SAMPEL AIR,,,,,,
A5EB03E20460F6A0E040640A040252AD,PELAT. PENGEMBANGAN MANAJEMEN ORSOS,,,,,,
A5EB03E20462F6A0E040640A040252AD,PELAT. PENGHIJAUAN DAN PERTANAHAN KOTA,,,,,,
A5EB03E20465F6A0E040640A040252AD,PELAT. PERHITUNGAN INDEK HARGA KONSUMEN,,,,,,
A5EB03E20467F6A0E040640A040252AD,PELAT. PETUGAS PENGELOLA COLD CHAIN,,,,,,
A5EB03E20468F6A0E040640A040252AD,PELAT. PIMPINAN RSU,,,,,,
A5EB03E20469F6A0E040640A040252AD,PELAT. PROSES KEPERAWATAN,,,,,,
A5EB03E2046AF6A0E040640A040252AD,PELAT. PWS. KIA,,,,,,
A5EB03E2046CF6A0E040640A040252AD,PELAT. RIPK,,,,,,
A5EB03E2046DF6A0E040640A040252AD,PELAT SATGASOSO,,,,,,
A5EB03E2046EF6A0E040640A040252AD,PELAT. SYOK ANAFILAKTIF,,,,,,
A5EB03E2046FF6A0E040640A040252AD,PELAT. TENAGA TEKNISI ULU,,,,,,
A5EB03E20471F6A0E040640A040252AD,PELAT. USK UDKP PEMBINAAN TEK.KKP-LKMD,,,,,,
A5EB03E20472F6A0E040640A040252AD,PELAT. WIL.PADAT KARYA,,,,,,
A5EB03E2044AF6A0E040640A040252AD,PELATIH KPD,,,,,,
A5EB03E2044BF6A0E040640A040252AD,PELATIH PLP PENGAWAS BID. SAMPAH,,,,,,
E67F0157EECCEB31E050640AF10844ED,PELATIHAN COACH DAN MENTOR,,,,,,
D834501E63BC3A8CE050640AF10824F4,PELATIHAN SISTEM MANAJEMEN BMN,,,,,,
D834501E63BD3A8CE050640AF10824F4,PELATIHAN SISTEM MANAJEMEN SDM,,,,,,
D834501E63BE3A8CE050640AF10824F4,PELATIHAN SISTEM PENGELOLAAN KEUANGAN,,,,,,
D834501E63BF3A8CE050640AF10824F4,PELATIHAN TATA NASKAH DAN KEARSIPAN,,,,,,
A5EB03E20479F6A0E040640A040252AD,PELUNC.PENGELOLA PENANG.SUS RACUN PESTIS,,,,,,
A5EB03E20474F6A0E040640A040252AD,PELUNCURAN INSTRUKT PENANGG.BENCANA ALAM,,,,,,
A5EB03E20473F6A0E040640A040252AD,PELUNCURAN JEMBATAN,,,,,,
A5EB03E20475F6A0E040640A040252AD,PELUNCURAN KEPEMP.KA.DIN KANTOR DEPKES,,,,,,
A5EB03E20477F6A0E040640A040252AD,PELUNCURAN MANAG. PUSKESMAS TK LANJUTAN,,,,,,
A5EB03E20476F6A0E040640A040252AD,PELUNCURAN MANAGEMENT PUSKESMAS TK DASAR,,,,,,
A5EB03E20478F6A0E040640A040252AD,PELUNCURAN PEMB. PROGRAM KARANG TARUNA,,,,,,
A5EB03E2047AF6A0E040640A040252AD,PELUNCURAN PENTALOKA SUPERVILAN EPIDEM.,,,,,,
A5EB03E2047BF6A0E040640A040252AD,PELUNCURAN UPY KES.PEKERJA NON FORMAL,,,,,,
A5EB03E2047CF6A0E040640A040252AD,PEMAHAMAN SOSEK PERLINTAN,,,,,,
A5EB03E2047EF6A0E040640A040252AD,PEMANTAPAN PENYELENGGARA PEMDES,,,,,,
A5EB03E20482F6A0E040640A040252AD,PEMB. PELAKS.PROYEK PPKS+SMPL,,,,,,
A5EB03E2047FF6A0E040640A040252AD,PEMBANGUNAN MANAGEMENT AREA,,,,,,
A5EB03E20480F6A0E040640A040252AD,PEMBENIHAN,,,,,,
A5EB03E20481F6A0E040640A040252AD,PEMBESARAN IKAN,,,,,,
A5EB03E20483F6A0E040640A040252AD,PEMELIHARAAN KASKO KAPAL KAYU,,,,,,
A5EB03E20484F6A0E040640A040252AD,PEMERAHAN DAN PANANGANAN AIR SUSU,,,,,,
A5EB03E20485F6A0E040640A040252AD,PEMERIKSAAN PENYAKIT PARASIT,,,,,,
A5EB03E20486F6A0E040640A040252AD,PEMERINTAHAN DAN PEMBANGUNAN,,,,,,
A5EB03E20487F6A0E040640A040252AD,PENAGIHAN DIPENDA,,,,,,
A5EB03E20489F6A0E040640A040252AD,PENANGANAN LAHAN KERING,,,,,,
A5EB03E20488F6A0E040640A040252AD,PENANGANAN TUNA SEGAR,,,,,,
A5EB03E2048AF6A0E040640A040252AD,PENANGKAPAN IKAN,,,,,,
A5EB03E2048BF6A0E040640A040252AD,PENANGKAR BENIH,,,,,,
A5EB03E2048CF6A0E040640A040252AD,PENATARAN WASKAT,,,,,,
D834501E63C13A8CE050640AF10824F4,PENDAHULUAN TOS,,,,,,
A5EB03E2048DF6A0E040640A040252AD,PENDIDIKAN JURU SANDI,,,,,,
A5EB03E2048EF6A0E040640A040252AD,PENDIDIKAN KEAGRARIAAN DAN PRAKTEK UKUR,,,,,,
A5EB03E2048FF6A0E040640A040252AD,PENDIDIKAN PENYIDIK PNS,,,,,,
A5EB03E20491F6A0E040640A040252AD,PENGAIRAN,,,,,,
A5EB03E20492F6A0E040640A040252AD,PENGAMANAN PENYAKIT MENULAR,,,,,,
A5EB03E20493F6A0E040640A040252AD,PENGAMAT HEWAN,,,,,,
A5EB03E20494F6A0E040640A040252AD,PENGAMAT PENGAIRAN,,,,,,
A5EB03E20495F6A0E040640A040252AD,PENGAMAT PETERNAKAN,,,,,,
A5EB03E20496F6A0E040640A040252AD,PENGAMAT WATAK PENYAKIT HEWAN MENULAR,,,,,,
A5EB03E203F4F6A0E040640A040252AD,PENGASUH PETERNAKAN,,,,,,
A5EB03E20497F6A0E040640A040252AD,PENGATUR HEWAN,,,,,,
A5EB03E20499F6A0E040640A040252AD,PENGAWASAN CK,,,,,,
A5EB03E2049AF6A0E040640A040252AD,PENGAWASAN KEUANGAN NEGARA,,,,,,
A5EB03E2049BF6A0E040640A040252AD,PENGAWASAN LALU LINTAS,,,,,,
A5EB03E2049CF6A0E040640A040252AD,PENGELOLA AIR IRIGASI,,,,,,
A5EB03E2049DF6A0E040640A040252AD,PENGELOLA OBAT,,,,,,
A5EB03E2049EF6A0E040640A040252AD,PENGELOLAAN BARANG DAERAH,,,,,,
A5EB03E204A3F6A0E040640A040252AD,PENGELOLAAN HASIL,,,,,,
A5EB03E204A2F6A0E040640A040252AD,PENGET. BID. STATISTIK PETERNAKAN,,,,,,
A5EB03E204A0F6A0E040640A040252AD,PENGETAHUAN PAKSA USAHA TERNAK POTONG,,,,,,
A5EB03E204A1F6A0E040640A040252AD,PENGETAHUAN ZONING DAN PEMUTUSAN,,,,,,
A5EB03E204A4F6A0E040640A040252AD,PENGUJIAN KENDERAAN BERMOTOR,,,,,,
A5EB03E203FCF6A0E040640A040252AD,PENINGKATAN  UDKP,,,,,,
A5EB03E204A8F6A0E040640A040252AD,PENINGKATAN GT. PENGOLAH PROGRAM PAB.PLP,,,,,,
A5EB03E204A5F6A0E040640A040252AD,PENINGKATAN KETERAMPILAN BIDANG PERPAJAKAN,,,,,,
A5EB03E204A6F6A0E040640A040252AD,PENINGKATAN KETERAMPILAN MANAG. DOKTER,,,,,,
A5EB03E204A7F6A0E040640A040252AD,PENINGKATAN PEGAWAI,,,,,,
A5EB03E203FFF6A0E040640A040252AD,PENINGKATAN SUS BERHUB DG PEM UMUM/DESA,,,,,,
A5EB03E203F7F6A0E040640A040252AD,PENINGKATAN TEKNIK KEPEGAWAIAN,,,,,,
A5EB03E203F8F6A0E040640A040252AD,PENINGKATAN TEKNIS KEUANGAN DAERAH,,,,,,
A5EB03E203FBF6A0E040640A040252AD,PENINGKATAN TEN TEKNIS INF.& DOKUMEN,,,,,,
A5EB03E203F9F6A0E040640A040252AD,PENINGKATAN TNG.PERANCANG PER-UN&G-2 AN,,,,,,
A5EB03E203FAF6A0E040640A040252AD,PENINGKATAN TNG.STAT.PETERNAKAN TK.DASAR,,,,,,
A5EB03E203FDF6A0E040640A040252AD,PENINGKATAN WASOR KUSTA,,,,,,
A5EB03E203FEF6A0E040640A040252AD,PENINGKATAN WASOR TCPS,,,,,,
A5EB03E204ACF6A0E040640A040252AD,PENT. APARAT JURU PENERANG,,,,,,
A5EB03E204A9F6A0E040640A040252AD,PENT. APARAT KOTATIP,,,,,,
A5EB03E204AEF6A0E040640A040252AD,PENT. BAGI PEJABAT SOSPOL,,,,,,
A5EB03E204AFF6A0E040640A040252AD,PENT. BAGI SEKWILMAT,,,,,,
A5EB03E204B0F6A0E040640A040252AD,PENT. BENDAHARAAN TYPE A,,,,,,
A5EB03E204B1F6A0E040640A040252AD,PENT. BIDAN INSERSI,,,,,,
A5EB03E204B2F6A0E040640A040252AD,PENT. BKKBN,,,,,,
A5EB03E204B3F6A0E040640A040252AD,PENT. CALON PENATARAN MANAG.PEMWILCAM,,,,,,
A5EB03E204B4F6A0E040640A040252AD,PENT. DASAR-DASAR PENGAWASAN UMUM,,,,,,
A5EB03E204B5F6A0E040640A040252AD,PENT. DESAIN JALAN,,,,,,
A5EB03E204B6F6A0E040640A040252AD,PENT. DESIGN PERPIPAAN,,,,,,
A5EB03E204B7F6A0E040640A040252AD,PENT. DHF,,,,,,
A5EB03E204B9F6A0E040640A040252AD,PENT. GODOK ENDEMIK,,,,,,
A5EB03E204BAF6A0E040640A040252AD,PENT. HUKUM,,,,,,
A5EB03E204BBF6A0E040640A040252AD,PENT. IMUNISASI,,,,,,
A5EB03E204BEF6A0E040640A040252AD,PENT. INVENTARISASI BARANG,,,,,,
A5EB03E204BFF6A0E040640A040252AD,PENT. JURKAM SADAR WISATA,,,,,,
A5EB03E204C0F6A0E040640A040252AD,PENT. JURU DAERAH,,,,,,
A5EB03E204C2F6A0E040640A040252AD,PENT. KA. URUSAN ADMINISTRASI KECAMATAN,,,,,,
A5EB03E204C1F6A0E040640A040252AD,PENT. KAMAWIL HANSIP,,,,,,
A5EB03E204C3F6A0E040640A040252AD,PENT. KEHUMASAN,,,,,,
A5EB03E204C4F6A0E040640A040252AD,PENT. KEPALA WILAYAH LLAJR,,,,,,
A5EB03E204C5F6A0E040640A040252AD,PENT. KKS ABRI BAGI TRIPIDA,,,,,,
A5EB03E204C6F6A0E040640A040252AD,PENT. KONS. MANAGEMEN KOPERASI,,,,,,
A5EB03E204C7F6A0E040640A040252AD,PENT. KUSTA UNTUK DOKTER KA. PUSKESMAS,,,,,,
A5EB03E204C8F6A0E040640A040252AD,PENT. LAT. PERENCANAAN WILAYAH TERPADU,,,,,,
A5EB03E204C9F6A0E040640A040252AD,PENT. LITSUS,,,,,,
A5EB03E204CCF6A0E040640A040252AD,PENT. MANAGEMEN  PEMWILCAM,,,,,,
A5EB03E204CAF6A0E040640A040252AD,PENT. MANAGEMEN AUDIT,,,,,,
A5EB03E204CBF6A0E040640A040252AD,PENT. MANAGEMEN MT,,,,,,
A5EB03E204CDF6A0E040640A040252AD,PENT. MOGRIS KODIS MALARIA,,,,,,
A5EB03E204CEF6A0E040640A040252AD,PENT. NORMA PEMERIKSA APARATUR DAERAH,,,,,,
A5EB03E204CFF6A0E040640A040252AD,PENT. OPERATOR OPSET,,,,,,
A5EB03E204D0F6A0E040640A040252AD,PENT. ORIENTASI PPWKT,,,,,,
A5EB03E204FAF6A0E040640A040252AD,PENT. P-4,,,,,,
A5EB03E204D1F6A0E040640A040252AD,PENT. PARASITOLOGI,,,,,,
A5EB03E204FBF6A0E040640A040252AD,PENT. P-D,,,,,,
A5EB03E204D2F6A0E040640A040252AD,PENT. PEGAWAI TEKNIS,,,,,,
A5EB03E204D3F6A0E040640A040252AD,PENT. PEJABAT PARIWISATA DAERAH,,,,,,
A5EB03E204D9F6A0E040640A040252AD,PENT. PENDIDIKAN BELA NEGARA,,,,,,
A5EB03E204DCF6A0E040640A040252AD,PENT. PENGAWASAN MELEKAT,,,,,,
A5EB03E204DDF6A0E040640A040252AD,PENT. PENGELOLA TEKNIS OBJEK WISATA,,,,,,
A5EB03E204DEF6A0E040640A040252AD,PENT. PENGENDALIAN WILAYAH,,,,,,
A5EB03E204DFF6A0E040640A040252AD,PENT. PENGETAHUAN DIBIDANG GOR/STADION,,,,,,
A5EB03E204E0F6A0E040640A040252AD,PENT. PENGOLAHAN KEUANGAN DIDAERAH,,,,,,
A5EB03E204E3F6A0E040640A040252AD,PENT. PENINGKATAN SKILL BIDANG KEUANGAN,,,,,,
A5EB03E204E4F6A0E040640A040252AD,PENT. PENYULUH PARIWISATA,,,,,,
A5EB03E204E7F6A0E040640A040252AD,PENT. PERADILAN TU,,,,,,
A5EB03E204E8F6A0E040640A040252AD,PENT. PERANGKAT PEMERINTAH,,,,,,
A5EB03E204E9F6A0E040640A040252AD,PENT. PERENCANAAN KOTA,,,,,,
A5EB03E204ECF6A0E040640A040252AD,PENT. PERPUSTAKAN UMUM,,,,,,
A5EB03E204EDF6A0E040640A040252AD,PENT. PETUGAS OBJEK WISATA,,,,,,
A5EB03E204F1F6A0E040640A040252AD,PENT. PETUGAS POM,,,,,,
A5EB03E204F2F6A0E040640A040252AD,PENT. PETUGAS RUMAH POTONG HEWAN,,,,,,
A5EB03E204F3F6A0E040640A040252AD,PENT. PGP-D,,,,,,
A5EB03E204F4F6A0E040640A040252AD,PENT. PKBRS,,,,,,
A5EB03E204F5F6A0E040640A040252AD,PENT. PKGMK,,,,,,
A5EB03E204F6F6A0E040640A040252AD,PENT. PKM TERPADU,,,,,,
A5EB03E204F7F6A0E040640A040252AD,PENT. PKN,,,,,,
A5EB03E204F8F6A0E040640A040252AD,PENT. PRAMUWISATA,,,,,,
A5EB03E204F9F6A0E040640A040252AD,PENT. PROYEK PERINTIS PERBAIKAN KAMPUNG,,,,,,
A5EB03E204FCF6A0E040640A040252AD,PENT. SATSAMPAR,,,,,,
A5EB03E204FDF6A0E040640A040252AD,PENT. SHN,,,,,,
A5EB03E204FFF6A0E040640A040252AD,PENT. SISTEM ADMINISTRASI PERALATAN,,,,,,
A5EB03E20500F6A0E040640A040252AD,PENT. SJDI,,,,,,
A5EB03E20501F6A0E040640A040252AD,PENT. SPPTP,,,,,,
A5EB03E20502F6A0E040640A040252AD,PENT. STAF TEK. PROYEK PLP BI&G DRAINASE,,,,,,
A5EB03E203F5F6A0E040640A040252AD,PENT. STAF TEKNIK PLP BIDANG SAMPAH,,,,,,
A5EB03E203F6F6A0E040640A040252AD,PENT. TBC,,,,,,
A5EB03E204ABF6A0E040640A040252AD,PENTALOKA PETUGAS GIZI,,,,,,
A5EB03E204ADF6A0E040640A040252AD,PENT.APARAT PENGELOLA PEMBANGUNAN KOTA,,,,,,
A5EB03E20401F6A0E040640A040252AD,PENYEDIAAN AIR BERSIH,,,,,,
A5EB03E20402F6A0E040640A040252AD,PENYEHATAN KEMAMPUAN TEH PERKEBUNAN,,,,,,
A5EB03E20403F6A0E040640A040252AD,PENYELESAIAN SENGKETA,,,,,,
A5EB03E20404F6A0E040640A040252AD,PENYIAPAN TENAGA PENYULUH OKK-P2LDT,,,,,,
A5EB03E2040AF6A0E040640A040252AD,PENY.INDUSTRI,,,,,,
A5EB03E2040BF6A0E040640A040252AD,PENY.ORGANISASI DAN MGT,,,,,,
A5EB03E2040CF6A0E040640A040252AD,PENY.PERTANIAN,,,,,,
A5EB03E2040DF6A0E040640A040252AD,PENY.POSYANDU,,,,,,
A5EB03E2040EF6A0E040640A040252AD,PENY.TINGKAT NASIONAL,,,,,,
A5EB03E20405F6A0E040640A040252AD,PENYULUHAN,,,,,,
A5EB03E20409F6A0E040640A040252AD,PENYULUHAN DAN PERENCANAAN TENAGA KERJA,,,,,,
A5EB03E20406F6A0E040640A040252AD,PENYULUHAN KESEHATAN,,,,,,
A5EB03E20400F6A0E040640A040252AD,PENYULUHAN PERIKANAN,,,,,,
A5EB03E20407F6A0E040640A040252AD,PENYULUHAN SUB SEKTOR TK.NASIONAL,,,,,,
A5EB03E20408F6A0E040640A040252AD,PENYUSUNAN REPELITA,,,,,,
A5EB03E2040FF6A0E040640A040252AD,PERAMBUAN,,,,,,
A5EB03E20410F6A0E040640A040252AD,PERANGKAT PENGAWASAN/PEMERIKSA,,,,,,
A5EB03E20411F6A0E040640A040252AD,PERC.PEMBANGUNAN PERKEBUNAN,,,,,,
A5EB03E20412F6A0E040640A040252AD,PERC.PEMBANGUNAN PERTANIAN,,,,,,
A5EB03E20413F6A0E040640A040252AD,PERC.PENGEMBANGAN WILAYAH TERPADU,,,,,,
A5EB03E20414F6A0E040640A040252AD,PERC.PRODUKSI PERTANIAN,,,,,,
A5EB03E20415F6A0E040640A040252AD,PERDAGANGAN NEGARA,,,,,,
A5EB03E20416F6A0E040640A040252AD,PERENC DAERAH TK.I TERPADU,,,,,,
A5EB03E20417F6A0E040640A040252AD,PERENC KOTA JANGKA MENENGAH,,,,,,
A5EB03E20418F6A0E040640A040252AD,PERENC PEMBANGUNAN,,,,,,
A5EB03E2041EF6A0E040640A040252AD,PERENC PEMBANGUNAN DAERAH TK.II,,,,,,
A5EB03E20419F6A0E040640A040252AD,PERENC PEMBANGUNAN DIBIDANG EKONOMI,,,,,,
A5EB03E2041AF6A0E040640A040252AD,PERENC PEMBANGUNAN DIDAERAH,,,,,,
A5EB03E2041BF6A0E040640A040252AD,PERENC PEMBANGUNAN PERTANIAN,,,,,,
A5EB03E2041CF6A0E040640A040252AD,PERENC PEMBANGUNAN PETERNAKAN,,,,,,
A5EB03E2041DF6A0E040640A040252AD,PERENC PEMBANGUNAN TERPADU,,,,,,
A5EB03E2041FF6A0E040640A040252AD,PERENC PERKANTORAN,,,,,,
A5EB03E20420F6A0E040640A040252AD,PERENC PERTANIAN,,,,,,
A5EB03E20421F6A0E040640A040252AD,PERENC SOSIAL  PENGEMBANGAN KOTA,,,,,,
A5EB03E20422F6A0E040640A040252AD,PERFORMANCE IMPROPMENT (MMT),,,,,,
A5EB03E20423F6A0E040640A040252AD,PERHITUNGAN ANGGARAN,,,,,,
A5EB03E20424F6A0E040640A040252AD,PERKAYUAN,,,,,,
A5EB03E20425F6A0E040640A040252AD,PERKOPERASIAN,,,,,,
A5EB03E20426F6A0E040640A040252AD,PERLINDUNGAN TANAMAN,,,,,,
A5EB03E20427F6A0E040640A040252AD,PERN DAN EVALUASI PROYEK,,,,,,
A5EB03E20428F6A0E040640A040252AD,PERPAJAKAN DAERAH,,,,,,
A5EB03E20429F6A0E040640A040252AD,PERPUSTAKAAN,,,,,,
A5EB03E2042AF6A0E040640A040252AD,PERTAMANAN,,,,,,
A5EB03E2042BF6A0E040640A040252AD,PETERNAKAN ITIK,,,,,,
A5EB03E2042CF6A0E040640A040252AD,PETUGAS DOMBA/KAMBING,,,,,,
A5EB03E2042DF6A0E040640A040252AD,PETUGAS KESEHATAN MASY.VETERINER,,,,,,
A5EB03E2042EF6A0E040640A040252AD,PETUGAS OBJEK WISATA,,,,,,
A5EB03E20430F6A0E040640A040252AD,PETUGAS PENYULUH PETERNAKAN,,,,,,
A5EB03E2042FF6A0E040640A040252AD,PETUGAS PENYULUHAN LAPANGAN,,,,,,
A5EB03E20431F6A0E040640A040252AD,PETUGAS PENYULUHAN LAP.PERUMAHAN,,,,,,
A5EB03E20433F6A0E040640A040252AD,PETUGAS TEKNIK BASAL,,,,,,
A5EB03E20434F6A0E040640A040252AD,PETUGAS TRANSMIGRASI SE INDONESIA,,,,,,
A5EB03E20435F6A0E040640A040252AD,PILLARIASYS,,,,,,
A5EB03E20436F6A0E040640A040252AD,PILOT TRAIN PERENC KOTA PROG.JGK PANJANG,,,,,,
A5EB03E20437F6A0E040640A040252AD,PKB,,,,,,
A5EB03E20438F6A0E040640A040252AD,PKMD,,,,,,
A5EB03E20439F6A0E040640A040252AD,PLP,,,,,,
A5EB03E2043AF6A0E040640A040252AD,PMS,,,,,,
A5EB03E2043BF6A0E040640A040252AD,PMS DDN,,,,,,
A5EB03E2043CF6A0E040640A040252AD,PPKBD,,,,,,
A5EB03E2043DF6A0E040640A040252AD,PPKS-SMPL,,,,,,
A5EB03E2043EF6A0E040640A040252AD,PPL BUDIDAYA TERNAK POTONG,,,,,,
A5EB03E2043FF6A0E040640A040252AD,PPL KARET,,,,,,
A5EB03E20440F6A0E040640A040252AD,PPL KELAPA,,,,,,
A5EB03E20441F6A0E040640A040252AD,PPL TERNAK UNGGAS,,,,,,
A5EB03E20442F6A0E040640A040252AD,PPL/TC PERIKANAN,,,,,,
A5EB03E20443F6A0E040640A040252AD,PPS BUDIDAYA PERIKANAN,,,,,,
A5EB03E20444F6A0E040640A040252AD,PPS DASAR,,,,,,
A5EB03E20445F6A0E040640A040252AD,PPS ORIENTASI,,,,,,
A5EB03E20446F6A0E040640A040252AD,PPS TERNAK PERAH,,,,,,
A5EB03E20198F6A0E040640A040252AD,PROG.PELAT.INTEGRASI ASPEK KEPENDUDUKAN,,,,,,
A5EB03E20199F6A0E040640A040252AD,PROG.PEMBIAYAAN PRASARANA KOTA TERPADU,,,,,,
A5EB03E20197F6A0E040640A040252AD,PROGRAM JANGKA MENENGAH DAN P3KT,,,,,,
A5EB03E2019AF6A0E040640A040252AD,PROGRAM PERENCANAAN NASIONAL,,,,,,
A5EB03E2019BF6A0E040640A040252AD,PROJECT DESIGN AND EVALUASION,,,,,,
A5EB03E2019CF6A0E040640A040252AD,PROTEKSI,,,,,,
A5EB03E2019DF6A0E040640A040252AD,PROYEK MGT SYSTEM (PMS),,,,,,
A5EB03E2019FF6A0E040640A040252AD,PROYEK PENINGKATAN PRODUKSI TERNAK,,,,,,
A5EB03E2019EF6A0E040640A040252AD,PROYEK UNTI PENYIDIKAN SAPI,,,,,,
A5EB03E201A0F6A0E040640A040252AD,PTGA,,,,,,
A5EB03E201A1F6A0E040640A040252AD,PTPD,,,,,,
A5EB03E201A2F6A0E040640A040252AD,PTUN,,,,,,
A5EB03E201A3F6A0E040640A040252AD,PUPT,,,,,,
A5EB03E201A4F6A0E040640A040252AD,PUSPIL,,,,,,
A5EB03E201A5F6A0E040640A040252AD,PWS - PG,,,,,,
A5EB03E201A6F6A0E040640A040252AD,RABIES,,,,,,
A5EB03E201A7F6A0E040640A040252AD,RABIES PETUGAS LAPANGAN,,,,,,
A5EB03E201A8F6A0E040640A040252AD,RECORDER,,,,,,
E67F0157EECDEB31E050640AF10844ED,REFORMASI BIROKRASI,,,,,,
E67F0157EECEEB31E050640AF10844ED,REFRESHING COURSE ESELON II/III/IV,,,,,,
A5EB03E201A9F6A0E040640A040252AD,REG.PLANNING,,,,,,
A5EB03E201AAF6A0E040640A040252AD,REPRODUKSI HEWAN NASIONAL,,,,,,
E67F0157EECFEB31E050640AF10844ED,REVOLUSI MENTAL,,,,,,
B3BFF38092F32B03E050640A2903458A,"RUMPUN ARSITEKTUR, DESAIN, DAN PERENCANAAN",,,,,,
B3BFF38093052B03E050640A2903458A,RUMPUN BAHASA INTERNASIONAL,,,,,,
B3BFF38093022B03E050640A2903458A,RUMPUN BISNIS,,,,,,
B3BFF38092FE2B03E050640A2903458A,RUMPUN HUKUM,,,,,,
B3BFF38092FB2B03E050640A2903458A,RUMPUN ILMU ALAM,,,,,,
B3BFF38093012B03E050640A2903458A,RUMPUN ILMU FORMAL,,,,,,
B3BFF38092F92B03E050640A2903458A,RUMPUN ILMU HUMANIORA,,,,,,
B3BFF38093042B03E050640A2903458A,RUMPUN ILMU SOSIAL,,,,,,
B3BFF38092F42B03E050640A2903458A,RUMPUN ILMU TERAPAN PERTANIAN,,,,,,
B3BFF38092F22B03E050640A2903458A,"RUMPUN JEJARING KEILMUAN MULTI, INTER, ATAU TRANSDISIPLIN",,,,,,
B3BFF38092F82B03E050640A2903458A,RUMPUN KEOLAHRAGAAN,,,,,,
B3BFF38093032B03E050640A2903458A,RUMPUN KESEHATAN,,,,,,
B3BFF38093002B03E050640A2903458A,RUMPUN KOMUNIKASI,,,,,,
B3BFF38092F72B03E050640A2903458A,RUMPUN LINGKUNGAN,,,,,,
B3BFF38092FA2B03E050640A2903458A,RUMPUN MILITER,,,,,,
B3BFF38092F52B03E050640A2903458A,RUMPUN PARIWISATA,,,,,,
B3BFF38092F12B03E050640A2903458A,RUMPUN PENDIDIKAN,,,,,,
B3BFF38092F62B03E050640A2903458A,RUMPUN PROGRAM MAGISTER TERAPAN DAN PROGRAM DOKTOR TERAPAN,,,,,,
B3BFF38092FC2B03E050640A2903458A,RUMPUN SAINS INFORMASI,,,,,,
B3BFF38092FD2B03E050640A2903458A,RUMPUN SOSIAL,,,,,,
B3BFF38092F02B03E050640A2903458A,RUMPUN TEKNIK ATAU REKAYASA,,,,,,
B3BFF38092FF2B03E050640A2903458A,RUMPUN TRANSPORTASI,,,,,,
A5EB03E201ABF6A0E040640A040252AD,RURAL REGIONAL,,,,,,
A5EB03E201ACF6A0E040640A040252AD,SADAR WISATA BAGI TNG.INDUS.PARIWISATA,,,,,,
A5EB03E201ADF6A0E040640A040252AD,SANDI DAN TELEKOMUNIKASI,,,,,,
A5EB03E201AEF6A0E040640A040252AD,SANTIAJI PENGENDALIAN KETERTIBAN UMUM,,,,,,
A5EB03E201AFF6A0E040640A040252AD,SEKOLAH PEKARYA KESEHATAN,,,,,,
A5EB03E201B0F6A0E040640A040252AD,SEKOLAH PEMBANTU PARAMEDIS,,,,,,
A5EB03E201B1F6A0E040640A040252AD,SEMINAR ON JAPANESE TOURRISTS,,,,,,
CEB02F55C4625BA2E050640AF1085889,SEMINAR/WORKSHOP/KURSUS/MAGANG ANALIS ANGGARAN,,,,,,
CEB02F55C4725BA2E050640AF1085889,SEMINAR/WORKSHOP/KURSUS/MAGANG ANALIS HUKUM,,,,,,
CEB02F55C46A5BA2E050640AF1085889,SEMINAR/WORKSHOP/KURSUS/MAGANG ANALIS KEBIJAKAN,,,,,,
CEB02F55C4635BA2E050640AF1085889,SEMINAR/WORKSHOP/KURSUS/MAGANG ARSIPARIS,,,,,,
CEB02F55C4675BA2E050640AF1085889,SEMINAR/WORKSHOP/KURSUS/MAGANG ASESOR SDM,,,,,,
CEB02F55C4655BA2E050640AF1085889,SEMINAR/WORKSHOP/KURSUS/MAGANG AUDITOR,,,,,,
CEB02F55C4735BA2E050640AF1085889,SEMINAR/WORKSHOP/KURSUS/MAGANG PELAKSANA,,,,,,
CEB02F55C4695BA2E050640AF1085889,SEMINAR/WORKSHOP/KURSUS/MAGANG PENATA LAKSANA BARANG,,,,,,
CEB02F55C45F5BA2E050640AF1085889,SEMINAR/WORKSHOP/KURSUS/MAGANG PENGAWAS FARMASI DAN MAKANAN,,,,,,
CEB02F55C4605BA2E050640AF1085889,SEMINAR/WORKSHOP/KURSUS/MAGANG PENGELOLA KEUANGAN APBN,,,,,,
CEB02F55C4615BA2E050640AF1085889,SEMINAR/WORKSHOP/KURSUS/MAGANG PENGELOLA PENGADAAN BARANG DAN JASA,,,,,,
CEB02F55C4685BA2E050640AF1085889,SEMINAR/WORKSHOP/KURSUS/MAGANG PENGELOLA SDM APARATUR,,,,,,
CEB02F55C46B5BA2E050640AF1085889,SEMINAR/WORKSHOP/KURSUS/MAGANG PENGEMBANGAN TEKNOLOGI PEMBELAJARAN,,,,,,
CEB02F55C4645BA2E050640AF1085889,SEMINAR/WORKSHOP/KURSUS/MAGANG PERANCANG UNDANG-UNDANG,,,,,,
CEB02F55C46D5BA2E050640AF1085889,SEMINAR/WORKSHOP/KURSUS/MAGANG PERENCANA,,,,,,
CEB02F55C46C5BA2E050640AF1085889,SEMINAR/WORKSHOP/KURSUS/MAGANG PRANATA HUMAS,,,,,,
CEB02F55C4665BA2E050640AF1085889,SEMINAR/WORKSHOP/KURSUS/MAGANG PRANATA KOMPUTER,,,,,,
CEB02F55C46F5BA2E050640AF1085889,SEMINAR/WORKSHOP/KURSUS/MAGANG PUSTAKAWAN,,,,,,
CEB02F55C4705BA2E050640AF1085889,SEMINAR/WORKSHOP/KURSUS/MAGANG STATISTISI,,,,,,
CEB02F55C4745BA2E050640AF1085889,SEMINAR/WORKSHOP/KURSUS/MAGANG STRUKTURAL,,,,,,
CEB02F55C46E5BA2E050640AF1085889,SEMINAR/WORKSHOP/KURSUS/MAGANG TEKNIS PSIKOLOGI KLINIS,,,,,,
CEB02F55C4715BA2E050640AF1085889,SEMINAR/WORKSHOP/KURSUS/MAGANG WIDYAISWARA,,,,,,
A5EB03E201B2F6A0E040640A040252AD,SENI MUSIK ANAK-ANAK,,,,,,
A5EB03E201B3F6A0E040640A040252AD,SENSUS PETERNAKAN,,,,,,
A5EB03E201B4F6A0E040640A040252AD,SHORT COURSE TENTANG KEHUMASAN PROTOKOL,,,,,,
A5EB03E201B5F6A0E040640A040252AD,SIMPOSIUM DAN KURSUS PDM,,,,,,
A5EB03E201B6F6A0E040640A040252AD,SISTEM KEUANGAN DAN BIMBINGAN KEUANGAN,,,,,,
A5EB03E201B7F6A0E040640A040252AD,SMALHOLDER LIVESTOCK PRODUCTION,,,,,,
A5EB03E201B8F6A0E040640A040252AD,SOIL AMELIORATION,,,,,,
A5EB03E201B9F6A0E040640A040252AD,SPESIALIS DASAR,,,,,,
A5EB03E201BAF6A0E040640A040252AD,SPLEOLOGI,,,,,,
A5EB03E201BBF6A0E040640A040252AD,STATISTIK PERIKANAN,,,,,,
A5EB03E201BCF6A0E040640A040252AD,STATISTIK PERTANIAAN,,,,,,
A5EB03E201BDF6A0E040640A040252AD,STERILTI CONTROL,,,,,,
A5EB03E201BEF6A0E040640A040252AD,STUDY PENGEMBANGAN REGIONAL LTA 12,,,,,,
A5EB03E201BFF6A0E040640A040252AD,SUPERVISI PENINGKATAN DAN PEMELIHARAAN,,,,,,
A5EB03E201C0F6A0E040640A040252AD,SURVEY TB,,,,,,
A5EB03E20280F6A0E040640A040252AD,SUS BID PIPA BOR & PASANG POMPA TANGAN,,,,,,
A5EB03E20282F6A0E040640A040252AD,SUS BIMTEK PENYL SENGKETA & KUASA HUKUM,,,,,,
A5EB03E20285F6A0E040640A040252AD,SUS DASAR APLIKASI & PRODUKSI ALAT BERAT,,,,,,
A5EB03E20288F6A0E040640A040252AD,SUS FOTO UD PETA PEMATIK KOTA SKAL BESAR,,,,,,
A5EB03E20289F6A0E040640A040252AD,SUS GAMBAR & ANGG BANGUNAN CIPTA KARYA,,,,,,
A5EB03E2033EF6A0E040640A040252AD,SUS GAS.BID CIPKAR JUR PEMELIHRN.GEDUNG,,,,,,
A5EB03E20339F6A0E040640A040252AD,SUS HIT STAT.REG.INCOME PERCAPITA,,,,,,
A5EB03E201C1F6A0E040640A040252AD,SUS KALAK,,,,,,
A5EB03E201C2F6A0E040640A040252AD,SUS KAPIN HANSIP,,,,,,
A5EB03E202A0F6A0E040640A040252AD,SUS LAT LANJUTAN METER DIESEL & LISTRIK,,,,,,
A5EB03E202A3F6A0E040640A040252AD,SUS MANAG.PROY PERSONIL TK SM/MM RCNTP-1,,,,,,
A5EB03E202A6F6A0E040640A040252AD,SUS MANAG.PROYEK & METODE SURVEY HARAPAN,,,,,,
A5EB03E202B5F6A0E040640A040252AD,SUS ORIENT PROG.PENGHIJAUAN & REBOISASI,,,,,,
A5EB03E202B3F6A0E040640A040252AD,SUS ORIENTASI DAL.CEMAR.LING&PENGEL SDA,,,,,,
A5EB03E202AFF6A0E040640A040252AD,SUS ORIENTASI PEMBANGUNAN DAERAH,,,,,,
A5EB03E202B0F6A0E040640A040252AD,SUS ORIENTASI PEMBANGUNAN PERKOTAAN,,,,,,
A5EB03E202B1F6A0E040640A040252AD,SUS ORIENTASI PEMBANGUNAN TERPADU,,,,,,
A5EB03E202B2F6A0E040640A040252AD,SUS ORIENTASI PEMDA TK.II,,,,,,
A5EB03E202B4F6A0E040640A040252AD,SUS ORIENTASI RENCANA KERJA DAERAH,,,,,,
A5EB03E202B6F6A0E040640A040252AD,SUS ORIENTASI TEKNIK,,,,,,
A5EB03E202BBF6A0E040640A040252AD,SUS PEDOMAN PENY PERENC & DAL.PEMB DRH,,,,,,
A5EB03E202BEF6A0E040640A040252AD,SUS PEMANFAATAN LHN KOTA&PELAK TIB BANG.,,,,,,
A5EB03E202BFF6A0E040640A040252AD,SUS PEMANFAATAN LIMBAH PERTANIAN,,,,,,
A5EB03E202C0F6A0E040640A040252AD,SUS PEMB APARAT PEMBANGUNAN KOTA,,,,,,
A5EB03E202C2F6A0E040640A040252AD,SUS PEMBENIHAN UDANG GALAH DAN WINDU,,,,,,
A5EB03E20327F6A0E040640A040252AD,SUS PENGELOLAAN ADM BARANG DAERAH,,,,,,
A5EB03E20328F6A0E040640A040252AD,SUS PENGEMB.& PENYEMPURNAAN DATA POKOK,,,,,,
A5EB03E2032CF6A0E040640A040252AD,SUS PENYEGARAN PERNC PERUNDANG-UNDANGAN,,,,,,
A5EB03E2032EF6A0E040640A040252AD,SUS PENYUSN.PERENC&DAL PAMBAGIAN DRH,,,,,,
A5EB03E2032FF6A0E040640A040252AD,SUS PENYUSUNAN TATA RUANG PEDESAAN,,,,,,
A5EB03E20330F6A0E040640A040252AD,SUS PERBAIKAN KAMPUNG,,,,,,
A5EB03E20335F6A0E040640A040252AD,SUS PERENC & TATA LAKSANA PEMBAGIAN DRH,,,,,,
A5EB03E20337F6A0E040640A040252AD,SUS PERENC PRODUKSI PETERNAKAN,,,,,,
A5EB03E2033FF6A0E040640A040252AD,SUS PETUGAS LAPANGAN PROYEK PUPADB,,,,,,
A5EB03E20343F6A0E040640A040252AD,SUS PIMPRO PROG.PENUNJANG JLN KABUPATEN,,,,,,
A5EB03E20346F6A0E040640A040252AD,SUS POLISI PAMONG PRAJA,,,,,,
A5EB03E20347F6A0E040640A040252AD,SUS PRODUK DOMESTIK REG. BRUTO (PDRB),,,,,,
A5EB03E20348F6A0E040640A040252AD,SUS PROGRAM KERJA LISTRIK MASUK DESA,,,,,,
A5EB03E203BDF6A0E040640A040252AD,SUS SIST.LAKU PENYULUH PERTANIAN LAP.,,,,,,
A5EB03E2034DF6A0E040640A040252AD,SUS STAF PEMBANTU BUPATI ANGKATAN V,,,,,,
A5EB03E201ECF6A0E040640A040252AD,SUS TANAH DAN PEMETAAN,,,,,,
A5EB03E2047DF6A0E040640A040252AD,TAP PELAKSANAAN UU NO.5 TAHUN 1979,,,,,,
A5EB03E201C3F6A0E040640A040252AD,TARPADNAS,,,,,,
A5EB03E201C4F6A0E040640A040252AD,TARWASKAT TN,,,,,,
A5EB03E201C5F6A0E040640A040252AD,TATA RUANG,,,,,,
A5EB03E201C6F6A0E040640A040252AD,TATA USAHA TENTANG PAJAK,,,,,,
A5EB03E201C7F6A0E040640A040252AD,TECHNOLOGI BUAH-BUAHAN,,,,,,
A5EB03E201CBF6A0E040640A040252AD,TEHNISI KETRAMP.GAS PEREN TG.KERJA DT II,,,,,,
A5EB03E201CCF6A0E040640A040252AD,TEHNISI RADIO KOMUNIKASI,,,,,,
A5EB03E201CDF6A0E040640A040252AD,TEHNISI SURVEY DAN PEMETAAN,,,,,,
A5EB03E201CEF6A0E040640A040252AD,TEHNOLOGI IKAN,,,,,,
A5EB03E201CFF6A0E040640A040252AD,TEJNIK BUDIDAYA AIR TAWAR,,,,,,
A5EB03E201CAF6A0E040640A040252AD,TEKNIK DAN METODE PENGELOLAAN PROJECT UP,,,,,,
A5EB03E201C8F6A0E040640A040252AD,TEKNIK MANAJEMEN PERENC PEMBANGUNAN,,,,,,
A5EB03E201D0F6A0E040640A040252AD,TEKNIK PENGGUNAAN PUPUK,,,,,,
A5EB03E201C9F6A0E040640A040252AD,TEKNIK PENILAIAN PROYEK,,,,,,
E67F0157EED0EB31E050640AF10844ED,TEKNIS ADMINISTRASI KEJAKSAAN,,,,,,
E67F0157EED1EB31E050640AF10844ED,TEKNIS AGEN INTELIJEN,,,,,,
E67F0157EED2EB31E050640AF10844ED,TEKNIS AJUDAN PIMPINAN / ADC,,,,,,
E67F0157EED3EB31E050640AF10844ED,TEKNIS ASSET RECOVERY,,,,,,
E6F4F39B82D995FBE050640AF10835F9,TEKNIS ASSET RECOVERY DAN EKSTRADISI,,,,,,
E67F0157EED4EB31E050640AF10844ED,TEKNIS ASSET TRACING,,,,,,
E67F0157EED5EB31E050640AF10844ED,TEKNIS AUDIT KECURANGAN/FRAUD EXAMINATION,,,,,,
E67F0157EED6EB31E050640AF10844ED,TEKNIS BAHASA ASING,,,,,,
E6F507920BD3F138E050640AF2084E98,TEKNIS BENDAHARA PENGELUARAN,,,,,,
E67F0157EED7EB31E050640AF10844ED,TEKNIS CERTIFIED DATA CENTER PROFESSIONAL (CDCP),,,,,,
E67F0157EED8EB31E050640AF10844ED,TEKNIS CERTIFIED ETHICAL HACKER (CEH),,,,,,
E67F0157EED9EB31E050640AF10844ED,TEKNIS CERTIFIED NETWORK DEFENDER (CND),,,,,,
E67F0157EEDAEB31E050640AF10844ED,TEKNIS COMP TIA CYBER SECURITY ANALYST,,,,,,
E67F0157EEDBEB31E050640AF10844ED,TEKNIS COMPUTER FORENSIC FUNDAMENTAL (CFF),,,,,,
E67F0157EEDCEB31E050640AF10844ED,TEKNIS COMPUTER HACKING FORENSIC INVESTIGATOR (CHFI),,,,,,
E6F508186D70C56DE050640AF2084F07,TEKNIS DIGITAL FORENSIK,,,,,,
E67F0157EEDDEB31E050640AF10844ED,TEKNIS FOR 578 CYBER THREAD INTELEGENCE ,,,,,,
E6F504BD82E95179E050640AF2084E07,TEKNIS HAK ASASI MANUSIA,,,,,,
E67F0157EEDEEB31E050640AF10844ED,TEKNIS HARDENING OPERATING SYSTEM ,,,,,,
E67F0157EEDFEB31E050640AF10844ED,TEKNIS HUMAN TRAFICKING,,,,,,
E67F0157EEE0EB31E050640AF10844ED,TEKNIS ILLEGAL FISHING,,,,,,
E6F5075029D32E42E050640AF2084E7B,TEKNIS ILLEGAL MINING,,,,,,
E67F0157EEE1EB31E050640AF10844ED,TEKNIS INTELIJEN DASAR,,,,,,
E6F4F389200CB20BE050640AF10835F5,TEKNIS IT DATA BASE,,,,,,
A5EB03E201D1F6A0E040640A040252AD,TEKNIS JEMBATAN TIMBANG & TRAFFIC LIGHT,,,,,,
E6F4F3AFA2C5F51DE050640AF108360B,TEKNIS KEAMANAN DALAM,,,,,,
E67F0157EEE2EB31E050640AF10844ED,TEKNIS KEBAKARAN HUTAN DAN LAHAN,,,,,,
E67F0157EEE3EB31E050640AF10844ED,TEKNIS KEHUTANAN,,,,,,
E6F508462054F92CE050640AF2084F27,TEKNIS KEMUDAHAN INVESTASI ,,,,,,
E6F4F402E058C7FDE050640AF1083667,TEKNIS KEPAILITAN,,,,,,
E6F507CC69211DE3E050640AF2084EB7,TEKNIS KEPENGACARAAN (TEKNIK LANJUTAN 1),,,,,,
E67F0157EEE4EB31E050640AF10844ED,TEKNIS KOMPUTER FORENSIK,,,,,,
E6F5079EAE15117AE050640AF2084E9C,TEKNIS KOMPUTER FORENSIK INTELIJEN,,,,,,
E6F4FC861C09E447E050640AF2084BF0,TEKNIS LEGAL ASSISTANCE,,,,,,
E6F4F44B718B8D1BE050640AF10836AE,TEKNIS LEGAL DRAFTING,,,,,,
E67F0157EEE5EB31E050640AF10844ED,TEKNIS LINGKUNGAN HIDUP,,,,,,
E67F0157EEE6EB31E050640AF10844ED,TEKNIS LITIGASI,,,,,,
E6F4F3F6C6022D4DE050640AF1083641,TEKNIS LITIGASI (TEKNIK LANJUTAN 2),,,,,,
E6F4F41A598DD298E050640AF1083674,TEKNIS MAFIA TANAH,,,,,,
E6F4F45444F03C1AE050640AF10836B4,TEKNIS MANAJEMEN DAN ANALISIS INTELIJEN (LANJUTAN WIRA INTELIJEN),,,,,,
E6F507C01B43085CE050640AF2084EAF,TEKNIS MANAJEMEN PENGELOLAAN PERKARA,,,,,,
E67F0157EEE7EB31E050640AF10844ED,TEKNIS MINERAL BATUBARA,,,,,,
E6F4F3FAF1B3F10AE050640AF1083664,TEKNIS NON LITIGASI (ALTERNATIVE DISPUTE RESOLUTION),,,,,,
E67F0157EEE8EB31E050640AF10844ED,TEKNIS OMNIBUS LAW,,,,,,
E67F0157EEE9EB31E050640AF10844ED,TEKNIS OWASP SECURITY ,,,,,,
E67F0157EEEAEB31E050640AF10844ED,TEKNIS PASAR MODAL,,,,,,
E6F5077951044EB5E050640AF2084E92,"TEKNIS PEMERIKSA KEUANGAN, PERLENGKAPAN, DAN PROYEK PEMBANGUNAN",,,,,,
E67F0157EEEBEB31E050640AF10844ED,TEKNIS PEMILIHAN UMUM,,,,,,
E67F0157EEECEB31E050640AF10844ED,TEKNIS PEMULIHAN ASET,,,,,,
E6F508339486A0F3E050640AF2084F1F,TEKNIS PENANGANAN BARANG BUKTI DAN BARANG RAMPASAN,,,,,,
E6F4F470580E6F77E050640AF10836BF,TEKNIS PENANGANAN KEPAILITAN,,,,,,
E6F4F3A384DF924AE050640AF10835FD,TEKNIS PENANGANAN PERKARA BERBASIS GENDER,,,,,,
E67F0157EEEDEB31E050640AF10844ED,TEKNIS PENANGANAN PERKARA CYBER,,,,,,
E6F4F3E1FDCB6186E050640AF1083628,TEKNIS PENANGANAN PERKARA PIDANA UMUM,,,,,,
E6F507712F3AA964E050640AF2084E8C,TEKNIS PENANGANAN PERKARA TINDAK PIDANA KHUSUS,,,,,,
E6F50768AFC72996E050640AF2084E85,TEKNIS PENANGANAN PERKARA TINDAK PIDANA PEMILIHAN UMUM,,,,,,
E6F4F3EA25864F42E050640AF108362A,TEKNIS PENANGANAN PERKARA TRANS NATIONAL CRIME,,,,,,
E6F4F3D98D76913CE050640AF1083626,TEKNIS PENANGANAN PERKARA WILD LIFE CRIME,,,,,,
E6F4F43626B685C2E050640AF10836A4,TEKNIS PENANGANAN TINDAK PIDANA HAM BERAT,,,,,,
E6F4F3CD456BEBEFE050640AF1083620,TEKNIS PENANGANAN TINDAK PIDANA KORUPSI DAN MONEY LAUNDRY,,,,,,
E6F507EF04E828ADE050640AF2084ECB,TEKNIS PENANGANAN TINDAK PIDANA KORUPSI DAN TPPU,,,,,,
E6F5083783CB5784E050640AF2084F21,TEKNIS PENANGANAN TINDAK PIDANA NARKOTIKA DAN ZAT ADIKTIF LAINNYA,,,,,,
E6F5081C72EE800FE050640AF2084F12,TEKNIS PENANGANAN TINDAK PIDANA PERBANKAN,,,,,,
E6F4F3C8E2C50970E050640AF1083619,TEKNIS PENANGANAN TINDAK PIDANA PERIKANAN,,,,,,
E6F4F43A72264E25E050640AF10836A8,TEKNIS PENANGANAN TINDAK PIDANA TERORISME DAN PENCEGAHAN RADIKALISME,,,,,,
E6F4F3D5BB4D61C1E050640AF1083624,TEKNIS PENELUSURAN ASET (ASSET TRACING),,,,,,
E67F0157EEEEEB31E050640AF10844ED,TEKNIS PENGAMANAN INTELIJEN,,,,,,
E67F0157EEEFEB31E050640AF10844ED,"TEKNIS PENGAWAL, PENGAMANAN PEMERINTAHAN DAN PEMBANGUNAN (TP4) ",,,,,,
E6F4F3ABB9B8E216E050640AF1083607,TEKNIS PENGELOLAAN ASET BARANG MILIK NEGARA (BMN),,,,,,
E67F0157EEF0EB31E050640AF10844ED,TEKNIS PENGELOLAAN BARANG BUKTI ELEKTRONIK,,,,,,
E67F0157EEF1EB31E050640AF10844ED,TEKNIS PENGELOLAAN BENDA SITAAN DAN RAMPASAN,,,,,,
E6F4F3A7D4EA41CCE050640AF1083601,TEKNIS PENGELOLAAN KEPEGAWAIAN,,,,,,
E6F508206F6885BDE050640AF2084F16,TEKNIS PENGELOLAAN KEUANGAN BAGI KUASA PENGGUNA ANGGARAN,,,,,,
E6F4F40B9C2B5990E050640AF108366B,TEKNIS PENGEMUDI MOBIL PELACAKAN DPO,,,,,,
E6F5079A2B00941EE050640AF2084E9A,TEKNIS PENYELIDIKAN DASAR INTELIJEN,,,,,,
E6F4F3BC095991BFE050640AF1083611,TEKNIS PENYELIDIKAN WIRA INTELIJEN,,,,,,
E6F507D8E4E4449EE050640AF2084EBF,TEKNIS PENYUSUNAN CONTRACT DRAFTING,,,,,,
E6F4E4B2FDF06279E050640AF108329D,TEKNIS PERBANKAN,,,,,,
E67F0157EEF2EB31E050640AF10844ED,TEKNIS PERDATA DAN TATA USAHA NEGARA,,,,,,
E67F0157EEF3EB31E050640AF10844ED,TEKNIS PERSELISIHAN HASIL PEMILIHAN UMUM,,,,,,
E67F0157EEF4EB31E050640AF10844ED,TEKNIS PERTAMBANGAN,,,,,,
A5EB03E201D2F6A0E040640A040252AD,TEKNIS PETERNAKAN SAPI,,,,,,
E67F0157EEF5EB31E050640AF10844ED,TEKNIS PNBP,,,,,,
E6F4F4632C1F5B18E050640AF10836B8,TEKNIS PROTOKOL/AJUDAN,,,,,,
E6F4F44FB541494FE050640AF10836B0,TEKNIS PUBLIC RELATIONS,,,,,,
E67F0157EEF6EB31E050640AF10844ED,TEKNIS PUBLIC SPEAKING,,,,,,
E6F4F410CAFD6E17E050640AF108366F,TEKNIS RESTORATIVE JUSTICE,,,,,,
E6F507E0E65B04B0E050640AF2084EC7,TEKNIS SANDIMAN LANJUTAN,,,,,,
E67F0157EEF7EB31E050640AF10844ED,TEKNIS SERTIFIKASI KEAHLIAN LEAD IMPLEMENTER ISO,,,,,,
E67F0157EEF8EB31E050640AF10844ED,TEKNIS SIBER DASAR,,,,,,
E67F0157EEF9EB31E050640AF10844ED,TEKNIS SIBER LANJUTAN,,,,,,
E67F0157EEFAEB31E050640AF10844ED,TEKNIS SIBER TERPADU,,,,,,
E6F5078D8A3577FBE050640AF2084E96,TEKNIS SISTEM AKUNTANSI INSTANSI (SAI),,,,,,
E6F4F4280259BBEBE050640AF1083691,TEKNIS TERPADU AKSES TERHADAP DISABILITAS,,,,,,
E67F0157EEFBEB31E050640AF10844ED,TEKNIS TERPADU ANTAR NEGARA DALAM PENANGANAN TINDAK PIDANA NARKOTIKA LINTAS NEGARA,,,,,,
E67F0157EEFCEB31E050640AF10844ED,TEKNIS TERPADU ANTAR NEGARA TENTANG CRYPTO CURRENCY ,,,,,,
E6F51E91931A5C00E050640AF2084FBA,TEKNIS TERPADU APARAT PENEGAK HUK. UTK PENANGANAN PERKARA YG MNDUKUNG SIST. PERADILAN PIDANA TERPADU,,,,,,
E67F0157EEFDEB31E050640AF10844ED,TEKNIS TERPADU ILLEGAL FISHING,,,,,,
E67F0157EEFEEB31E050640AF10844ED,TEKNIS TERPADU KEBAKARAN HUTAN,,,,,,
E67F0157EEFFEB31E050640AF10844ED,TEKNIS TERPADU MINERAL DAN BATUBARA,,,,,,
E6F4F423279F0058E050640AF1083686,TEKNIS TERPADU PEMULIHAN ASET,,,,,,
E6F4F43147D16646E050640AF10836A0,TEKNIS TERPADU PENANGANAN PERKARA KONEKSITAS,,,,,,
E6F4F42C8D762CD9E050640AF1083698,TEKNIS TERPADU SENSITIFITAS GENDER,,,,,,
E67F0157EF00EB31E050640AF10844ED,TEKNIS TERPADU SISTEM PERADILAN PIDANA ANAK,,,,,,
E6F4F3933DEC96C4E050640AF10835F7,TEKNIS TERPADU TINDAK PIDANA ANAK BERHADAPAN DENGAN HUKUM (ABH),,,,,,
E6F4F467528460D5E050640AF10836BD,TEKNIS TERPADU TINDAK PIDANA DALAM UU CIPTA KERJA,,,,,,
E6F4F0E8805BF12BE050640AF1083592,TEKNIS TERPADU TINDAK PIDANA KORUPSI,,,,,,
E6F4F41EE983427AE050640AF108367D,TEKNIS TERPADU TINDAK PIDANA PEMILIHAN UMUM,,,,,,
E6F507B7BAA5E956E050640AF2084EA9,TEKNIS TINDAK PIDANA PENCUCIAN UANG,,,,,,
E6F507C844BC2106E050640AF2084EB5,TEKNIS TINDAK PIDANA PERBANKAN,,,,,,
E67F0157EF01EB31E050640AF10844ED,TEKNIS TINDAK PIDANA TERORISME,,,,,,
E6F507AB7424ED46E050640AF2084EA3,TEKNIS TRIAL ADVOKASI BAGI JAKSA,,,,,,
E67F0157EF02EB31E050640AF10844ED,TEKNIS WIRA INTELIJEN ,,,,,,
A5EB03E201D3F6A0E040640A040252AD,TEMBAKAU VIRGINIA,,,,,,
A5EB03E201D4F6A0E040640A040252AD,TEMU PEMUDA,,,,,,
A5EB03E201D5F6A0E040640A040252AD,TENAGA MEKANIK,,,,,,
A5EB03E201D6F6A0E040640A040252AD,TENAGA PERENCANAAN,,,,,,
A5EB03E201D7F6A0E040640A040252AD,TENAGA STATISTIK PET.TK DASAR,,,,,,
A5EB03E201D8F6A0E040640A040252AD,TERNAK UNGGAS,,,,,,
A5EB03E201D9F6A0E040640A040252AD,THE PLANNING&APRAISAL OF ARG INDUST.PROJ,,,,,,
A5EB03E201DAF6A0E040640A040252AD,TMPP (TEKN MGT PERENC PEMBD),,,,,,
A5EB03E201DBF6A0E040640A040252AD,TOUR LEADER,,,,,,
A5EB03E201DDF6A0E040640A040252AD,TRAIN COUR.PRINCIPL.OF COASTAL RECOURCES,,,,,,
A5EB03E201E1F6A0E040640A040252AD,TRAINING ALIH TEHNOLOGI MAPATDA,,,,,,
A5EB03E201DCF6A0E040640A040252AD,TRAINING COURSE IN THE FIELD SEWAGE WORK,,,,,,
A5EB03E201E5F6A0E040640A040252AD,TRAINING GAS KHUSUS PEMBINAAN KEINDAHAN,,,,,,
A5EB03E201DEF6A0E040640A040252AD,TRAINING INSTRUKTUR BIDANG PERSAMPAHAN,,,,,,
A5EB03E201E2F6A0E040640A040252AD,TRAINING KELAPA,,,,,,
A5EB03E201E3F6A0E040640A040252AD,TRAINING KOMPUTERISASI DAN IMPLEMENTASI,,,,,,
A5EB03E201E4F6A0E040640A040252AD,TRAINING MAPATDA,,,,,,
E67F0157EF03EB31E050640AF10844ED,TRAINING OF FACILITATOR,,,,,,
E67F0157EF04EB31E050640AF10844ED,TRAINING OFFICIAL COURSE,,,,,,
A5EB03E201E0F6A0E040640A040252AD,TRAINING WORKSHOP MANAGEMEN OPR,,,,,,
A5EB03E201DFF6A0E040640A040252AD,TRAIN.PROG.IN PLAN POLICY ANALYSIS& DEV.,,,,,,
A5EB03E201E6F6A0E040640A040252AD,TRANSMIGRAN,,,,,,
A5EB03E201E7F6A0E040640A040252AD,TRANSPORTION PROJECT COURSE,,,,,,
A5EB03E201E8F6A0E040640A040252AD,TRAPICAL ANIMAL PRODUCTION,,,,,,
A5EB03E201E9F6A0E040640A040252AD,TROWE AND LONG LINE,,,,,,
A5EB03E201EAF6A0E040640A040252AD,UDKP/P3KT,,,,,,
A5EB03E201EBF6A0E040640A040252AD,UKS,,,,,,
A5EB03E201EDF6A0E040640A040252AD,UPGRADING BEND,,,,,,
A5EB03E201F0F6A0E040640A040252AD,UPGRADING KEPERTOKOLAN,,,,,,
A5EB03E201EEF6A0E040640A040252AD,UPGRADING PERHITUNGAN ANGGARAN,,,,,,
A5EB03E201EFF6A0E040640A040252AD,UPGRADING TENAGA PERENCANA,,,,,,
A5EB03E201F1F6A0E040640A040252AD,VAKSINATOR,,,,,,
A5EB03E201F2F6A0E040640A040252AD,VISIT.ASS.ON ANIMAL HEALTH&EPIDEMINOLOGI,,,,,,
A5EB03E20498F6A0E040640A040252AD,WAS BID. AIR LIMBAH & PENGAWAS SAMPAH,,,,,,
A5EB03E20267F6A0E040640A040252AD,WERENG COKLAT,,,,,,
A5EB03E201F3F6A0E040640A040252AD,WIPAK,,,,,,
A5EB03E201F5F6A0E040640A040252AD,WORKSHOP DAN PENYULUHAN,,,,,,
A5EB03E201F4F6A0E040640A040252AD,WORKSHOP TATA RUANG KOTA,,,,,,
