TABREF PROFESI,Unnamed: 1,Unnamed: 2,Unnamed: 3,Unnamed: 4,Unnamed: 5,Unnamed: 6,Unnamed: 7
,,,,,,,
ID,NAMA,,META DATA,,,,
A5EB03E206F3F6A0E040640A040252AD,A-I ( AKTA SATU ),,Name,Null?,Type,Parameter,Keterangan
A5EB03E20714F6A0E040640A040252AD,A-I ADM. KETERAMPILAN,,ID,NOT NULL,VARCHAR2(32),,ID yang otomatis ter-generate saat data dibuat
A5EB03E20715F6A0E040640A040252AD,A-I ADM. KEU.,,NAMA,NOT NULL,VARCHAR2(40),,Nama Profesi
A5EB03E20716F6A0E040640A040252AD,A-I ADM. PENDIDIKAN,,,,,,
A5EB03E20718F6A0E040640A040252AD,A-I ADM. PERKANTORAN,,,,,,
A5EB03E2071AF6A0E040640A040252AD,A-I ADM. PERUSAHAAN,,,,,,
A5EB03E20717F6A0E040640A040252AD,A-I ADM. SUPERVISI PEND.,,,,,,
A5EB03E20719F6A0E040640A040252AD,A-I ADM. TATA PERKANTORAN,,,,,,
A5EB03E2071DF6A0E040640A040252AD,A-I ADM.ILMU ADM. NEGARA,,,,,,
A5EB03E20712F6A0E040640A040252AD,A-I ADMINISTRASI,,,,,,
A5EB03E20713F6A0E040640A040252AD,A-I ADMINISTRASI EKONOMI,,,,,,
A5EB03E2071BF6A0E040640A040252AD,A-I ADMINISTRASI SEKOLAH,,,,,,
A5EB03E2071CF6A0E040640A040252AD,A-I ADMINISTRASI SOSIAL,,,,,,
A5EB03E207D4F6A0E040640A040252AD,A-I ARSITEKTUR,,,,,,
A5EB03E207C1F6A0E040640A040252AD,A-I BAHASA,,,,,,
A5EB03E206F7F6A0E040640A040252AD,A-I BAHASA DAERAH,,,,,,
A5EB03E206FBF6A0E040640A040252AD,A-I BAHASA & SASTRA ARAB,,,,,,
A5EB03E206F4F6A0E040640A040252AD,A-I BAHASA & SASTRA BALI,,,,,,
A5EB03E206FDF6A0E040640A040252AD,A-I BAHASA & SASTRA CINA,,,,,,
A5EB03E207C3F6A0E040640A040252AD,A-I BAHASA & SASTRA JAWA,,,,,,
A5EB03E20706F6A0E040640A040252AD,A-I BAHASA ARAB,,,,,,
A5EB03E20709F6A0E040640A040252AD,A-I BAHASA ASING,,,,,,
A5EB03E20707F6A0E040640A040252AD,A-I BAHASA BALI,,,,,,
A5EB03E20708F6A0E040640A040252AD,A-I BAHASA BATAK,,,,,,
A5EB03E2070AF6A0E040640A040252AD,A-I BAHASA BELANDA,,,,,,
A5EB03E2070BF6A0E040640A040252AD,A-I BAHASA CINA/CINOLOGI,,,,,,
A5EB03E206FAF6A0E040640A040252AD,A-I BHS & SAS. ASING,,,,,,
A5EB03E207C5F6A0E040640A040252AD,A-I BHS & SAS. BATAK,,,,,,
A5EB03E206FCF6A0E040640A040252AD,A-I BHS & SAS. BELANDA,,,,,,
A5EB03E206F6F6A0E040640A040252AD,A-I BHS & SAS. DAERAH,,,,,,
A5EB03E206FEF6A0E040640A040252AD,A-I BHS & SAS. INDIA,,,,,,
A5EB03E207C2F6A0E040640A040252AD,A-I BHS & SAS. INDONESIA,,,,,,
A5EB03E206FFF6A0E040640A040252AD,A-I BHS & SAS. INGGRIS,,,,,,
A5EB03E20700F6A0E040640A040252AD,A-I BHS & SAS. JEPANG,,,,,,
A5EB03E20701F6A0E040640A040252AD,A-I BHS & SAS. JERMAN,,,,,,
A5EB03E20702F6A0E040640A040252AD,A-I BHS & SAS. KOREA,,,,,,
A5EB03E206F5F6A0E040640A040252AD,A-I BHS & SAS. MINANGKABAU,,,,,,
A5EB03E20703F6A0E040640A040252AD,A-I BHS & SAS. PERANCIS,,,,,,
A5EB03E20704F6A0E040640A040252AD,A-I BHS & SAS. RUSIA,,,,,,
A5EB03E20705F6A0E040640A040252AD,A-I BHS & SAS. SLAVIA,,,,,,
A5EB03E207C4F6A0E040640A040252AD,A-I BHS & SAS. SUNDA,,,,,,
A5EB03E206F8F6A0E040640A040252AD,A-I BHS SEJARAH & BUDAYA,,,,,,
A5EB03E206F9F6A0E040640A040252AD,A-I BHS SEJARAH BHS BALI,,,,,,
A5EB03E20730F6A0E040640A040252AD,A-I BIMBINGAN & PENYULUHAN,,,,,,
A5EB03E20731F6A0E040640A040252AD,A-I BP ADM. PENDIDIKAN,,,,,,
A5EB03E20732F6A0E040640A040252AD,A-I BP ADM.SUPERVISI PEND.,,,,,,
A5EB03E20733F6A0E040640A040252AD,A-I BP BIMB. & KONSELING,,,,,,
A5EB03E20734F6A0E040640A040252AD,A-I BP BIMB. & PENYULUH,,,,,,
A5EB03E20735F6A0E040640A040252AD,A-I BP DIDAKTIK,,,,,,
A5EB03E20736F6A0E040640A040252AD,A-I BP DIDAKTIK& KURIKULUM,,,,,,
A5EB03E20740F6A0E040640A040252AD,A-I BP KEOLAHRAGAAN,,,,,,
A5EB03E2073AF6A0E040640A040252AD,A-I BP KURIKL PERSEK/PENG.,,,,,,
A5EB03E2073DF6A0E040640A040252AD,A-I BP KURIKL. PENYULUHAN,,,,,,
A5EB03E2073BF6A0E040640A040252AD,A-I BP KURIKL.& TEK.PEND.,,,,,,
A5EB03E2073CF6A0E040640A040252AD,A-I BP KURIKULUM PEND.,,,,,,
A5EB03E2073EF6A0E040640A040252AD,A-I BP KURTEK PENDIDIKAN,,,,,,
A5EB03E2073FF6A0E040640A040252AD,A-I BP PENGAJ.&PENGEMB.KUR,,,,,,
A5EB03E20737F6A0E040640A040252AD,A-I BP PONDASI PENDIDIKAN,,,,,,
A5EB03E20739F6A0E040640A040252AD,A-I BP PSIK. PEND.& BIMB.,,,,,,
A5EB03E20738F6A0E040640A040252AD,A-I BP PSIKOLOGI PEND.,,,,,,
A5EB03E2072BF6A0E040640A040252AD,A-I EK. PENDD.DUNIA USA,,,,,,
A5EB03E2072DF6A0E040640A040252AD,A-I EK. STUDI PEMBANGUN,,,,,,
A5EB03E2072FF6A0E040640A040252AD,A-I EK. TATA PERUSAHAAN,,,,,,
A5EB03E2071EF6A0E040640A040252AD,A-I EKONOMI,,,,,,
A5EB03E20723F6A0E040640A040252AD,A-I EKONOMI,,,,,,
A5EB03E2071FF6A0E040640A040252AD,A-I EKONOMI AKUNTANSI,,,,,,
A5EB03E20720F6A0E040640A040252AD,A-I EKONOMI BISNIS,,,,,,
A5EB03E20721F6A0E040640A040252AD,A-I EKONOMI BISNIS TATA,,,,,,
A5EB03E20722F6A0E040640A040252AD,A-I EKONOMI BISNIS VOKAS,,,,,,
A5EB03E20728F6A0E040640A040252AD,A-I EKONOMI ILMU EKONOMI,,,,,,
A5EB03E20729F6A0E040640A040252AD,A-I EKONOMI KEUANGAN,,,,,,
A5EB03E20724F6A0E040640A040252AD,A-I EKONOMI KOPERASI,,,,,,
A5EB03E20725F6A0E040640A040252AD,A-I EKONOMI MANAJEMEN,,,,,,
A5EB03E2072AF6A0E040640A040252AD,A-I EKONOMI MANAJEMEN,,,,,,
A5EB03E20726F6A0E040640A040252AD,A-I EKONOMI PEMBANGUNAN,,,,,,
A5EB03E2072CF6A0E040640A040252AD,A-I EKONOMI PENDD.MANAJ.,,,,,,
A5EB03E20727F6A0E040640A040252AD,A-I EKONOMI PERUSAHAAN,,,,,,
A5EB03E2072EF6A0E040640A040252AD,A-I EKONOMI TATA NIAGA,,,,,,
A5EB03E207B9F6A0E040640A040252AD,A-I EKSAK IL PASTI & ALAM,,,,,,
A5EB03E207BAF6A0E040640A040252AD,A-I EKSAK.ILMU PENGET.ALAM,,,,,,
A5EB03E207B5F6A0E040640A040252AD,A-I EKSAKTA,,,,,,
A5EB03E207B6F6A0E040640A040252AD,A-I EKSAKTA BIOLOGI,,,,,,
A5EB03E207B7F6A0E040640A040252AD,A-I EKSAKTA FISIKA,,,,,,
A5EB03E207BBF6A0E040640A040252AD,A-I EKSAKTA GEOLOGI,,,,,,
A5EB03E207B8F6A0E040640A040252AD,A-I EKSAKTA ILMU ALAM,,,,,,
A5EB03E207BCF6A0E040640A040252AD,A-I EKSAKTA ILMU KIMIA,,,,,,
A5EB03E207BEF6A0E040640A040252AD,A-I EKSAKTA ILMU PASTI,,,,,,
A5EB03E207BDF6A0E040640A040252AD,A-I EKSAKTA KIMIA,,,,,,
A5EB03E207BFF6A0E040640A040252AD,A-I EKSAKTA MATEMATIKA,,,,,,
A5EB03E207C0F6A0E040640A040252AD,A-I EKSAKTA STATISTIK,,,,,,
A5EB03E207D6F6A0E040640A040252AD,A-I ELEKTRONIKA,,,,,,
A5EB03E20741F6A0E040640A040252AD,A-I FILSAFAT,,,,,,
A5EB03E20744F6A0E040640A040252AD,A-I FILSAFAT & SOSIOLOGI,,,,,,
A5EB03E20743F6A0E040640A040252AD,A-I FILSAFAT BARAT,,,,,,
A5EB03E20742F6A0E040640A040252AD,A-I FILSAFAT BHS & SAS.IND,,,,,,
A5EB03E20745F6A0E040640A040252AD,A-I FILSAFAT KEBUDAYAAN,,,,,,
A5EB03E20746F6A0E040640A040252AD,A-I FILSAFAT PENDIDIKAN,,,,,,
A5EB03E20782F6A0E040640A040252AD,A-I IPS,,,,,,
A5EB03E20784F6A0E040640A040252AD,A-I IPS ANTROP. BUDAYA,,,,,,
A5EB03E20785F6A0E040640A040252AD,A-I IPS ANTROP. SOSIAL,,,,,,
A5EB03E20783F6A0E040640A040252AD,A-I IPS ANTROPOLOGI,,,,,,
A5EB03E2078EF6A0E040640A040252AD,A-I IPS CIVICS HUKUM,,,,,,
A5EB03E2079EF6A0E040640A040252AD,A-I IPS DIK. KESEHATAN,,,,,,
A5EB03E207A2F6A0E040640A040252AD,A-I IPS DIK.LUAR SEKOLAH,,,,,,
A5EB03E2078FF6A0E040640A040252AD,A-I IPS HUKUM PMP,,,,,,
A5EB03E20795F6A0E040640A040252AD,A-I IPS ILMU BUMI,,,,,,
A5EB03E207A9F6A0E040640A040252AD,A-I IPS ILMU KESEJAHTERA,,,,,,
A5EB03E20796F6A0E040640A040252AD,A-I IPS ILMU MENDIDIK,,,,,,
A5EB03E207AAF6A0E040640A040252AD,A-I IPS ILMU PEMBANGUNAN,,,,,,
A5EB03E207ABF6A0E040640A040252AD,A-I IPS ILMU PENGETAHUAN,,,,,,
A5EB03E20798F6A0E040640A040252AD,A-I IPS KATAKETIK DIK.,,,,,,
A5EB03E207ACF6A0E040640A040252AD,A-I IPS KESEJAH. SOSIAL,,,,,,
A5EB03E20790F6A0E040640A040252AD,A-I IPS KEWARGANEGARAAN,,,,,,
A5EB03E207B2F6A0E040640A040252AD,A-I IPS O R & KESEHATAN,,,,,,
A5EB03E207B1F6A0E040640A040252AD,A-I IPS OLAH RAGA,,,,,,
A5EB03E207A4F6A0E040640A040252AD,A-I IPS P.MORAL PANCASILA,,,,,,
A5EB03E20797F6A0E040640A040252AD,A-I IPS PAEDAGOGIK,,,,,,
A5EB03E207ADF6A0E040640A040252AD,A-I IPS PEMB.MASY.DESA,,,,,,
A5EB03E207A1F6A0E040640A040252AD,A-I IPS PEND. LUAR BIASA,,,,,,
A5EB03E2079AF6A0E040640A040252AD,A-I IPS PEND.&PENGEMBANGAN,,,,,,
A5EB03E2079BF6A0E040640A040252AD,A-I IPS PEND.&PENGEMBANGAN,,,,,,
A5EB03E2079DF6A0E040640A040252AD,A-I IPS PEND.KEMASY.,,,,,,
A5EB03E2079FF6A0E040640A040252AD,A-I IPS PEND.KESEJAHTERAAN,,,,,,
A5EB03E207A3F6A0E040640A040252AD,A-I IPS PEND.MASYARAKAT,,,,,,
A5EB03E20799F6A0E040640A040252AD,A-I IPS PENDIDIKAN,,,,,,
A5EB03E2079CF6A0E040640A040252AD,A-I IPS PENDIDIKAN DASAR,,,,,,
A5EB03E207A0F6A0E040640A040252AD,A-I IPS PENDIDIKAN KHUSUS,,,,,,
A5EB03E207A5F6A0E040640A040252AD,A-I IPS PENDIDIKAN SEK.,,,,,,
A5EB03E207A6F6A0E040640A040252AD,A-I IPS PENDIDIKAN SOSIAL,,,,,,
A5EB03E207A7F6A0E040640A040252AD,A-I IPS PENDIDIKAN UMUM,,,,,,
A5EB03E207AFF6A0E040640A040252AD,A-I IPS PERPUSTAKAAN,,,,,,
A5EB03E207B0F6A0E040640A040252AD,A-I IPS PHSIKOLOGI,,,,,,
A5EB03E20791F6A0E040640A040252AD,A-I IPS PKK,,,,,,
A5EB03E20792F6A0E040640A040252AD,A-I IPS PKN DAN HUKUM,,,,,,
A5EB03E20793F6A0E040640A040252AD,A-I IPS PMP DAN KWNEGARAAN,,,,,,
A5EB03E20794F6A0E040640A040252AD,A-I IPS PSPB,,,,,,
A5EB03E207AEF6A0E040640A040252AD,A-I IPS PUBLISISTIK,,,,,,
A5EB03E20788F6A0E040640A040252AD,A-I IPS RAH .& ARKELOGI,,,,,,
A5EB03E20786F6A0E040640A040252AD,A-I IPS SEJARAH,,,,,,
A5EB03E20787F6A0E040640A040252AD,A-I IPS SEJARAH & ANTROP.,,,,,,
A5EB03E20789F6A0E040640A040252AD,A-I IPS SEJARAH & BUDAYA,,,,,,
A5EB03E2078AF6A0E040640A040252AD,A-I IPS SEJARAH GEOGRAFI,,,,,,
A5EB03E2078BF6A0E040640A040252AD,A-I IPS SEJARAH INDONESIA,,,,,,
A5EB03E2078CF6A0E040640A040252AD,A-I IPS SEJARAH PENDIDIKAN,,,,,,
A5EB03E2078DF6A0E040640A040252AD,A-I IPS SEJARAH PURBAKAL,,,,,,
A5EB03E207B3F6A0E040640A040252AD,A-I IPS SOSIAL,,,,,,
A5EB03E207B4F6A0E040640A040252AD,A-I IPS SOSIAL EKONOMI,,,,,,
A5EB03E207A8F6A0E040640A040252AD,A-I IPS TEORI & RAH PEND.,,,,,,
A5EB03E207E0F6A0E040640A040252AD,A-I KIMIA,,,,,,
A5EB03E207E2F6A0E040640A040252AD,A-I LISTRIK,,,,,,
A5EB03E207E4F6A0E040640A040252AD,A-I MESIN,,,,,,
A5EB03E2070CF6A0E040640A040252AD,A-I SENI,,,,,,
A5EB03E2070DF6A0E040640A040252AD,A-I SENI BAHASA DAN SENI,,,,,,
A5EB03E2070EF6A0E040640A040252AD,A-I SENI MENGGAMBAR,,,,,,
A5EB03E2070FF6A0E040640A040252AD,A-I SENI MUSIK,,,,,,
A5EB03E20710F6A0E040640A040252AD,A-I SENI RUPA,,,,,,
A5EB03E20711F6A0E040640A040252AD,A-I SENI TARI,,,,,,
A5EB03E207D9F6A0E040640A040252AD,A-I TEK.ELEKTRO KOMUNIKASI,,,,,,
A5EB03E20747F6A0E040640A040252AD,A-I TEKNIK,,,,,,
A5EB03E207E7F6A0E040640A040252AD,A-I TEKNIK &MANAJ. INDUS.,,,,,,
A5EB03E207DFF6A0E040640A040252AD,A-I TEKNIK ALIRAN SUNGAI,,,,,,
A5EB03E207D5F6A0E040640A040252AD,A-I TEKNIK ARSITEKTUR,,,,,,
A5EB03E207DDF6A0E040640A040252AD,A-I TEKNIK BANGUNAN,,,,,,
A5EB03E207D7F6A0E040640A040252AD,A-I TEKNIK ELEKTRO,,,,,,
A5EB03E207D8F6A0E040640A040252AD,A-I TEKNIK ELEKTRO KOMP.,,,,,,
A5EB03E207DAF6A0E040640A040252AD,A-I TEKNIK ELEKTRONIKA,,,,,,
A5EB03E207DCF6A0E040640A040252AD,A-I TEKNIK GEDUNG,,,,,,
A5EB03E207E8F6A0E040640A040252AD,A-I TEKNIK INDUSTRI,,,,,,
A5EB03E207E1F6A0E040640A040252AD,A-I TEKNIK KIMIA,,,,,,
A5EB03E207DBF6A0E040640A040252AD,A-I TEKNIK KOMPUTER,,,,,,
A5EB03E207E3F6A0E040640A040252AD,A-I TEKNIK LISTRIK,,,,,,
A5EB03E207E5F6A0E040640A040252AD,A-I TEKNIK MESIN,,,,,,
A5EB03E207E6F6A0E040640A040252AD,A-I TEKNIK OTOMOTIF,,,,,,
A5EB03E207DEF6A0E040640A040252AD,A-I TEKNIK SIPIL,,,,,,
A5EB03E207E9F6A0E040640A040252AD,A-II,,,,,,
A5EB03E20561F6A0E040640A040252AD,A-II ADM. KETERAMPILAN,,,,,,
A5EB03E20562F6A0E040640A040252AD,A-II ADM. KEU.,,,,,,
A5EB03E20563F6A0E040640A040252AD,A-II ADM. PENDIDIKAN,,,,,,
A5EB03E20565F6A0E040640A040252AD,A-II ADM. PERKANTORAN,,,,,,
A5EB03E20567F6A0E040640A040252AD,A-II ADM. PERUSAHAAN,,,,,,
A5EB03E20564F6A0E040640A040252AD,A-II ADM. SUPERVISI PEND.,,,,,,
A5EB03E20566F6A0E040640A040252AD,A-II ADM. TATA PERKANTORAN,,,,,,
A5EB03E2056AF6A0E040640A040252AD,A-II ADM.ILMU ADM. NEGARA,,,,,,
A5EB03E20890F6A0E040640A040252AD,A-II ADMINISTRASI,,,,,,
A5EB03E20560F6A0E040640A040252AD,A-II ADMINISTRASI EKONOMI,,,,,,
A5EB03E20568F6A0E040640A040252AD,A-II ADMINISTRASI SEKOLAH,,,,,,
A5EB03E20569F6A0E040640A040252AD,A-II ADMINISTRASI SOSIAL,,,,,,
A5EB03E20595F6A0E040640A040252AD,A-II ARSITEKTUR,,,,,,
A5EB03E2086DF6A0E040640A040252AD,A-II BAHASA,,,,,,
A5EB03E20875F6A0E040640A040252AD,A-II BAHASA DAERAH,,,,,,
A5EB03E20879F6A0E040640A040252AD,A-II BAHASA & SASTRA ARAB,,,,,,
A5EB03E20872F6A0E040640A040252AD,A-II BAHASA & SASTRA BALI,,,,,,
A5EB03E2087BF6A0E040640A040252AD,A-II BAHASA & SASTRA CINA,,,,,,
A5EB03E2086FF6A0E040640A040252AD,A-II BAHASA & SASTRA JAWA,,,,,,
A5EB03E20884F6A0E040640A040252AD,A-II BAHASA ARAB,,,,,,
A5EB03E20887F6A0E040640A040252AD,A-II BAHASA ASING,,,,,,
A5EB03E20885F6A0E040640A040252AD,A-II BAHASA BALI,,,,,,
A5EB03E20886F6A0E040640A040252AD,A-II BAHASA BATAK,,,,,,
A5EB03E20888F6A0E040640A040252AD,A-II BAHASA BELANDA,,,,,,
A5EB03E20889F6A0E040640A040252AD,A-II BAHASA CINA/CINOLOGI,,,,,,
A5EB03E20878F6A0E040640A040252AD,A-II BHS & SAS. ASING,,,,,,
A5EB03E20871F6A0E040640A040252AD,A-II BHS & SAS. BATAK,,,,,,
A5EB03E2087AF6A0E040640A040252AD,A-II BHS & SAS. BELANDA,,,,,,
A5EB03E20874F6A0E040640A040252AD,A-II BHS & SAS. DAERAH,,,,,,
A5EB03E2087CF6A0E040640A040252AD,A-II BHS & SAS. INDIA,,,,,,
A5EB03E2086EF6A0E040640A040252AD,A-II BHS & SAS. INDONESIA,,,,,,
A5EB03E2087DF6A0E040640A040252AD,A-II BHS & SAS. INGGRIS,,,,,,
A5EB03E2087EF6A0E040640A040252AD,A-II BHS & SAS. JEPANG,,,,,,
A5EB03E2087FF6A0E040640A040252AD,A-II BHS & SAS. JERMAN,,,,,,
A5EB03E20880F6A0E040640A040252AD,A-II BHS & SAS. KOREA,,,,,,
A5EB03E20873F6A0E040640A040252AD,A-II BHS & SAS. MINANGKABAU,,,,,,
A5EB03E20881F6A0E040640A040252AD,A-II BHS & SAS. PERANCIS,,,,,,
A5EB03E20882F6A0E040640A040252AD,A-II BHS & SAS. RUSIA,,,,,,
A5EB03E20883F6A0E040640A040252AD,A-II BHS & SAS. SLAVIA,,,,,,
A5EB03E20870F6A0E040640A040252AD,A-II BHS & SAS. SUNDA,,,,,,
A5EB03E20876F6A0E040640A040252AD,A-II BHS SEJARAH & BUDAYA,,,,,,
A5EB03E20877F6A0E040640A040252AD,A-II BHS SEJARAH BHS BALI,,,,,,
A5EB03E2057DF6A0E040640A040252AD,A-II BIMBINGAN & PENYULUHAN,,,,,,
A5EB03E2057EF6A0E040640A040252AD,A-II BP ADM. PENDIDIKAN,,,,,,
A5EB03E2057FF6A0E040640A040252AD,A-II BP ADM.SUPERVISI PEND.,,,,,,
A5EB03E20580F6A0E040640A040252AD,A-II BP BIMB. & KONSELING,,,,,,
A5EB03E20581F6A0E040640A040252AD,A-II BP BIMB. & PENYULUH,,,,,,
A5EB03E20582F6A0E040640A040252AD,A-II BP DIDAKTIK,,,,,,
A5EB03E20583F6A0E040640A040252AD,A-II BP DIDAKTIK& KURIKULUM,,,,,,
A5EB03E2058DF6A0E040640A040252AD,A-II BP KEOLAHRAGAAN,,,,,,
A5EB03E20587F6A0E040640A040252AD,A-II BP KURIKL PERSEK/PENG.,,,,,,
A5EB03E2058AF6A0E040640A040252AD,A-II BP KURIKL. PENYULUHAN,,,,,,
A5EB03E20588F6A0E040640A040252AD,A-II BP KURIKL.& TEK.PEND.,,,,,,
A5EB03E20589F6A0E040640A040252AD,A-II BP KURIKULUM PEND.,,,,,,
A5EB03E2058BF6A0E040640A040252AD,A-II BP KURTEK PENDIDIKAN,,,,,,
A5EB03E2058CF6A0E040640A040252AD,A-II BP PENGAJ.&PENGEMB.KUR,,,,,,
A5EB03E20584F6A0E040640A040252AD,A-II BP PONDASI PENDIDIKAN,,,,,,
A5EB03E20586F6A0E040640A040252AD,A-II BP PSIK. PEND.& BIMB.,,,,,,
A5EB03E20585F6A0E040640A040252AD,A-II BP PSIKOLOGI PEND.,,,,,,
A5EB03E20578F6A0E040640A040252AD,A-II EK. PENDD.DUNIA USA,,,,,,
A5EB03E2057AF6A0E040640A040252AD,A-II EK. STUDI PEMBANGUN,,,,,,
A5EB03E2057CF6A0E040640A040252AD,A-II EK. TATA PERUSAHAAN,,,,,,
A5EB03E2056BF6A0E040640A040252AD,A-II EKONOMI,,,,,,
A5EB03E20570F6A0E040640A040252AD,A-II EKONOMI,,,,,,
A5EB03E2056CF6A0E040640A040252AD,A-II EKONOMI AKUNTANSI,,,,,,
A5EB03E2056DF6A0E040640A040252AD,A-II EKONOMI BISNIS,,,,,,
A5EB03E2056EF6A0E040640A040252AD,A-II EKONOMI BISNIS TATA,,,,,,
A5EB03E2056FF6A0E040640A040252AD,A-II EKONOMI BISNIS VOKAS,,,,,,
A5EB03E20575F6A0E040640A040252AD,A-II EKONOMI ILMU EKONOMI,,,,,,
A5EB03E20576F6A0E040640A040252AD,A-II EKONOMI KEUANGAN,,,,,,
A5EB03E20571F6A0E040640A040252AD,A-II EKONOMI KOPERASI,,,,,,
A5EB03E20572F6A0E040640A040252AD,A-II EKONOMI MANAJEMEN,,,,,,
A5EB03E20577F6A0E040640A040252AD,A-II EKONOMI MANAJEMEN,,,,,,
A5EB03E20573F6A0E040640A040252AD,A-II EKONOMI PEMBANGUNAN,,,,,,
A5EB03E20579F6A0E040640A040252AD,A-II EKONOMI PENDD.MANAJ.,,,,,,
A5EB03E20574F6A0E040640A040252AD,A-II EKONOMI PERUSAHAAN,,,,,,
A5EB03E2057BF6A0E040640A040252AD,A-II EKONOMI TATA NIAGA,,,,,,
A5EB03E20865F6A0E040640A040252AD,A-II EKSAK IL PASTI & ALAM,,,,,,
A5EB03E20866F6A0E040640A040252AD,A-II EKSAK.ILMU PENGET.ALAM,,,,,,
A5EB03E20861F6A0E040640A040252AD,A-II EKSAKTA,,,,,,
A5EB03E20862F6A0E040640A040252AD,A-II EKSAKTA BIOLOGI,,,,,,
A5EB03E20863F6A0E040640A040252AD,A-II EKSAKTA FISIKA,,,,,,
A5EB03E20867F6A0E040640A040252AD,A-II EKSAKTA GEOLOGI,,,,,,
A5EB03E20864F6A0E040640A040252AD,A-II EKSAKTA ILMU ALAM,,,,,,
A5EB03E20868F6A0E040640A040252AD,A-II EKSAKTA ILMU KIMIA,,,,,,
A5EB03E2086AF6A0E040640A040252AD,A-II EKSAKTA ILMU PASTI,,,,,,
A5EB03E20869F6A0E040640A040252AD,A-II EKSAKTA KIMIA,,,,,,
A5EB03E2086BF6A0E040640A040252AD,A-II EKSAKTA MATEMATIKA,,,,,,
A5EB03E2086CF6A0E040640A040252AD,A-II EKSAKTA STATISTIK,,,,,,
A5EB03E20597F6A0E040640A040252AD,A-II ELEKTRONIKA,,,,,,
A5EB03E2058EF6A0E040640A040252AD,A-II FILSAFAT,,,,,,
A5EB03E20591F6A0E040640A040252AD,A-II FILSAFAT & SOSIOLOGI,,,,,,
A5EB03E20590F6A0E040640A040252AD,A-II FILSAFAT BARAT,,,,,,
A5EB03E2058FF6A0E040640A040252AD,A-II FILSAFAT BHS & SAS.IND,,,,,,
A5EB03E20592F6A0E040640A040252AD,A-II FILSAFAT KEBUDAYAAN,,,,,,
A5EB03E20593F6A0E040640A040252AD,A-II FILSAFAT PENDIDIKAN,,,,,,
A5EB03E207EAF6A0E040640A040252AD,A-II IPS,,,,,,
A5EB03E207ECF6A0E040640A040252AD,A-II IPS ANTROP. BUDAYA,,,,,,
A5EB03E207EDF6A0E040640A040252AD,A-II IPS ANTROP. SOSIAL,,,,,,
A5EB03E207EBF6A0E040640A040252AD,A-II IPS ANTROPOLOGI,,,,,,
A5EB03E207F6F6A0E040640A040252AD,A-II IPS CIVICS HUKUM,,,,,,
A5EB03E20806F6A0E040640A040252AD,A-II IPS DIK. KESEHATAN,,,,,,
A5EB03E2084EF6A0E040640A040252AD,A-II IPS DIK.LUAR SEKOLAH,,,,,,
A5EB03E207F7F6A0E040640A040252AD,A-II IPS HUKUM PMP,,,,,,
A5EB03E207FDF6A0E040640A040252AD,A-II IPS ILMU BUMI,,,,,,
A5EB03E20855F6A0E040640A040252AD,A-II IPS ILMU KESEJAHTERA,,,,,,
A5EB03E207FEF6A0E040640A040252AD,A-II IPS ILMU MENDIDIK,,,,,,
A5EB03E20856F6A0E040640A040252AD,A-II IPS ILMU PEMBANGUNAN,,,,,,
A5EB03E20857F6A0E040640A040252AD,A-II IPS ILMU PENGETAHUAN,,,,,,
A5EB03E20800F6A0E040640A040252AD,A-II IPS KATAKETIK DIK.,,,,,,
A5EB03E20858F6A0E040640A040252AD,A-II IPS KESEJAH. SOSIAL,,,,,,
A5EB03E207F8F6A0E040640A040252AD,A-II IPS KEWARGANEGARAAN,,,,,,
A5EB03E2085EF6A0E040640A040252AD,A-II IPS O R & KESEHATAN,,,,,,
A5EB03E2085DF6A0E040640A040252AD,A-II IPS OLAH RAGA,,,,,,
A5EB03E20850F6A0E040640A040252AD,A-II IPS P.MORAL PANCASILA,,,,,,
A5EB03E207FFF6A0E040640A040252AD,A-II IPS PAEDAGOGIK,,,,,,
A5EB03E20859F6A0E040640A040252AD,A-II IPS PEMB.MASY.DESA,,,,,,
A5EB03E2084DF6A0E040640A040252AD,A-II IPS PEND. LUAR BIASA,,,,,,
A5EB03E20802F6A0E040640A040252AD,A-II IPS PEND.&PENGEMBANGAN,,,,,,
A5EB03E20803F6A0E040640A040252AD,A-II IPS PEND.&PENGEMBANGAN,,,,,,
A5EB03E20805F6A0E040640A040252AD,A-II IPS PEND.KEMASY.,,,,,,
A5EB03E2084AF6A0E040640A040252AD,A-II IPS PEND.KESEJAHTERAAN,,,,,,
A5EB03E2084FF6A0E040640A040252AD,A-II IPS PEND.MASYARAKAT,,,,,,
A5EB03E20801F6A0E040640A040252AD,A-II IPS PENDIDIKAN,,,,,,
A5EB03E20804F6A0E040640A040252AD,A-II IPS PENDIDIKAN DASAR,,,,,,
A5EB03E2084CF6A0E040640A040252AD,A-II IPS PENDIDIKAN KHUSUS,,,,,,
A5EB03E20851F6A0E040640A040252AD,A-II IPS PENDIDIKAN SEK.,,,,,,
A5EB03E20852F6A0E040640A040252AD,A-II IPS PENDIDIKAN SOSIAL,,,,,,
A5EB03E20853F6A0E040640A040252AD,A-II IPS PENDIDIKAN UMUM,,,,,,
A5EB03E2085BF6A0E040640A040252AD,A-II IPS PERPUSTAKAAN,,,,,,
A5EB03E2085CF6A0E040640A040252AD,A-II IPS PHSIKOLOGI,,,,,,
A5EB03E207F9F6A0E040640A040252AD,A-II IPS PKK,,,,,,
A5EB03E207FAF6A0E040640A040252AD,A-II IPS PKN DAN HUKUM,,,,,,
A5EB03E207FBF6A0E040640A040252AD,A-II IPS PMP DAN KWNEGARAAN,,,,,,
A5EB03E207FCF6A0E040640A040252AD,A-II IPS PSPB,,,,,,
A5EB03E2085AF6A0E040640A040252AD,A-II IPS PUBLISISTIK,,,,,,
A5EB03E207F0F6A0E040640A040252AD,A-II IPS RAH .& ARKELOGI,,,,,,
A5EB03E207EEF6A0E040640A040252AD,A-II IPS SEJARAH,,,,,,
A5EB03E207EFF6A0E040640A040252AD,A-II IPS SEJARAH & ANTROP.,,,,,,
A5EB03E207F1F6A0E040640A040252AD,A-II IPS SEJARAH & BUDAYA,,,,,,
A5EB03E207F2F6A0E040640A040252AD,A-II IPS SEJARAH GEOGRAFI,,,,,,
A5EB03E207F3F6A0E040640A040252AD,A-II IPS SEJARAH INDONESIA,,,,,,
A5EB03E207F4F6A0E040640A040252AD,A-II IPS SEJARAH PENDIDIKAN,,,,,,
A5EB03E207F5F6A0E040640A040252AD,A-II IPS SEJARAH PURBAKAL,,,,,,
A5EB03E2085FF6A0E040640A040252AD,A-II IPS SOSIAL,,,,,,
A5EB03E20860F6A0E040640A040252AD,A-II IPS SOSIAL EKONOMI,,,,,,
A5EB03E20854F6A0E040640A040252AD,A-II IPS TEORI & RAH PEND.,,,,,,
A5EB03E205A1F6A0E040640A040252AD,A-II KIMIA,,,,,,
A5EB03E205A3F6A0E040640A040252AD,A-II LISTRIK,,,,,,
A5EB03E2051DF6A0E040640A040252AD,A-II MESIN,,,,,,
A5EB03E2088AF6A0E040640A040252AD,A-II SENI,,,,,,
A5EB03E2088BF6A0E040640A040252AD,A-II SENI BAHASA DAN SENI,,,,,,
A5EB03E2088CF6A0E040640A040252AD,A-II SENI MENGGAMBAR,,,,,,
A5EB03E2088DF6A0E040640A040252AD,A-II SENI MUSIK,,,,,,
A5EB03E2088EF6A0E040640A040252AD,A-II SENI RUPA,,,,,,
A5EB03E2088FF6A0E040640A040252AD,A-II SENI TARI,,,,,,
A5EB03E2059AF6A0E040640A040252AD,A-II TEK.ELEKTRO KOMUNIKASI,,,,,,
A5EB03E20594F6A0E040640A040252AD,A-II TEKNIK,,,,,,
A5EB03E20520F6A0E040640A040252AD,A-II TEKNIK &MANAJ. INDUS.,,,,,,
A5EB03E205A0F6A0E040640A040252AD,A-II TEKNIK ALIRAN SUNGAI,,,,,,
A5EB03E20596F6A0E040640A040252AD,A-II TEKNIK ARSITEKTUR,,,,,,
A5EB03E2059EF6A0E040640A040252AD,A-II TEKNIK BANGUNAN,,,,,,
A5EB03E20598F6A0E040640A040252AD,A-II TEKNIK ELEKTRO,,,,,,
A5EB03E20599F6A0E040640A040252AD,A-II TEKNIK ELEKTRO KOMP.,,,,,,
A5EB03E2059BF6A0E040640A040252AD,A-II TEKNIK ELEKTRONIKA,,,,,,
A5EB03E2059DF6A0E040640A040252AD,A-II TEKNIK GEDUNG,,,,,,
A5EB03E20521F6A0E040640A040252AD,A-II TEKNIK INDUSTRI,,,,,,
A5EB03E205A2F6A0E040640A040252AD,A-II TEKNIK KIMIA,,,,,,
A5EB03E2059CF6A0E040640A040252AD,A-II TEKNIK KOMPUTER,,,,,,
A5EB03E2051CF6A0E040640A040252AD,A-II TEKNIK LISTRIK,,,,,,
A5EB03E2051EF6A0E040640A040252AD,A-II TEKNIK MESIN,,,,,,
A5EB03E2051FF6A0E040640A040252AD,A-II TEKNIK OTOMOTIF,,,,,,
A5EB03E2059FF6A0E040640A040252AD,A-II TEKNIK SIPIL,,,,,,
A5EB03E20522F6A0E040640A040252AD,A-III,,,,,,
A5EB03E205CBF6A0E040640A040252AD,A-III ADM. KETERAMPILAN,,,,,,
A5EB03E205CCF6A0E040640A040252AD,A-III ADM. KEU.,,,,,,
A5EB03E205CDF6A0E040640A040252AD,A-III ADM. PENDIDIKAN,,,,,,
A5EB03E205CFF6A0E040640A040252AD,A-III ADM. PERKANTORAN,,,,,,
A5EB03E205D1F6A0E040640A040252AD,A-III ADM. PERUSAHAAN,,,,,,
A5EB03E205CEF6A0E040640A040252AD,A-III ADM. SUPERVISI PEND.,,,,,,
A5EB03E205D0F6A0E040640A040252AD,A-III ADM. TATA PERKANTORAN,,,,,,
A5EB03E205D4F6A0E040640A040252AD,A-III ADM.ILMU ADM. NEGARA,,,,,,
A5EB03E205C9F6A0E040640A040252AD,A-III ADMINISTRASI,,,,,,
A5EB03E205CAF6A0E040640A040252AD,A-III ADMINISTRASI EKONOMI,,,,,,
A5EB03E205D2F6A0E040640A040252AD,A-III ADMINISTRASI SEKOLAH,,,,,,
A5EB03E205D3F6A0E040640A040252AD,A-III ADMINISTRASI SOSIAL,,,,,,
A5EB03E20643F6A0E040640A040252AD,A-III ARSITEKTUR,,,,,,
A5EB03E205A6F6A0E040640A040252AD,A-III BAHASA,,,,,,
A5EB03E205AEF6A0E040640A040252AD,A-III BAHASA DAERAH,,,,,,
A5EB03E205B2F6A0E040640A040252AD,A-III BAHASA & SASTRA ARAB,,,,,,
A5EB03E205ABF6A0E040640A040252AD,A-III BAHASA & SASTRA BALI,,,,,,
A5EB03E205B4F6A0E040640A040252AD,A-III BAHASA & SASTRA CINA,,,,,,
A5EB03E205A8F6A0E040640A040252AD,A-III BAHASA & SASTRA JAWA,,,,,,
A5EB03E205BDF6A0E040640A040252AD,A-III BAHASA ARAB,,,,,,
A5EB03E205C0F6A0E040640A040252AD,A-III BAHASA ASING,,,,,,
A5EB03E205BEF6A0E040640A040252AD,A-III BAHASA BALI,,,,,,
A5EB03E205BFF6A0E040640A040252AD,A-III BAHASA BATAK,,,,,,
A5EB03E205C1F6A0E040640A040252AD,A-III BAHASA BELANDA,,,,,,
A5EB03E205C2F6A0E040640A040252AD,A-III BAHASA CINA/CINOLOGI,,,,,,
A5EB03E205B1F6A0E040640A040252AD,A-III BHS & SAS. ASING,,,,,,
A5EB03E205AAF6A0E040640A040252AD,A-III BHS & SAS. BATAK,,,,,,
A5EB03E205B3F6A0E040640A040252AD,A-III BHS & SAS. BELANDA,,,,,,
A5EB03E205ADF6A0E040640A040252AD,A-III BHS & SAS. DAERAH,,,,,,
A5EB03E205B5F6A0E040640A040252AD,A-III BHS & SAS. INDIA,,,,,,
A5EB03E205A7F6A0E040640A040252AD,A-III BHS & SAS. INDONESIA,,,,,,
A5EB03E205B6F6A0E040640A040252AD,A-III BHS & SAS. INGGRIS,,,,,,
A5EB03E205B7F6A0E040640A040252AD,A-III BHS & SAS. JEPANG,,,,,,
A5EB03E205B8F6A0E040640A040252AD,A-III BHS & SAS. JERMAN,,,,,,
A5EB03E205B9F6A0E040640A040252AD,A-III BHS & SAS. KOREA,,,,,,
A5EB03E205ACF6A0E040640A040252AD,A-III BHS & SAS. MINANGKABAU,,,,,,
A5EB03E205BAF6A0E040640A040252AD,A-III BHS & SAS. PERANCIS,,,,,,
A5EB03E205BBF6A0E040640A040252AD,A-III BHS & SAS. RUSIA,,,,,,
A5EB03E205BCF6A0E040640A040252AD,A-III BHS & SAS. SLAVIA,,,,,,
A5EB03E205A9F6A0E040640A040252AD,A-III BHS & SAS. SUNDA,,,,,,
A5EB03E205AFF6A0E040640A040252AD,A-III BHS SEJARAH & BUDAYA,,,,,,
A5EB03E205B0F6A0E040640A040252AD,A-III BHS SEJARAH BHS BALI,,,,,,
A5EB03E205E7F6A0E040640A040252AD,A-III BIMBINGAN & PENYULUHAN,,,,,,
A5EB03E2062CF6A0E040640A040252AD,A-III BP ADM. PENDIDIKAN,,,,,,
A5EB03E2062DF6A0E040640A040252AD,A-III BP ADM.SUPERVISI PEND.,,,,,,
A5EB03E2062EF6A0E040640A040252AD,A-III BP BIMB. & KONSELING,,,,,,
A5EB03E2062FF6A0E040640A040252AD,A-III BP BIMB. & PENYULUH,,,,,,
A5EB03E20630F6A0E040640A040252AD,A-III BP DIDAKTIK,,,,,,
A5EB03E20631F6A0E040640A040252AD,A-III BP DIDAKTIK& KURIKULUM,,,,,,
A5EB03E2063BF6A0E040640A040252AD,A-III BP KEOLAHRAGAAN,,,,,,
A5EB03E20635F6A0E040640A040252AD,A-III BP KURIKL PERSEK/PENG.,,,,,,
A5EB03E20638F6A0E040640A040252AD,A-III BP KURIKL. PENYULUHAN,,,,,,
A5EB03E20636F6A0E040640A040252AD,A-III BP KURIKL.& TEK.PEND.,,,,,,
A5EB03E20637F6A0E040640A040252AD,A-III BP KURIKULUM PEND.,,,,,,
A5EB03E20639F6A0E040640A040252AD,A-III BP KURTEK PENDIDIKAN,,,,,,
A5EB03E2063AF6A0E040640A040252AD,A-III BP PENGAJ.&PENGEMB.KUR,,,,,,
A5EB03E20632F6A0E040640A040252AD,A-III BP PONDASI PENDIDIKAN,,,,,,
A5EB03E20634F6A0E040640A040252AD,A-III BP PSIK. PEND.& BIMB.,,,,,,
A5EB03E20633F6A0E040640A040252AD,A-III BP PSIKOLOGI PEND.,,,,,,
A5EB03E205E2F6A0E040640A040252AD,A-III EK. PENDD.DUNIA USA,,,,,,
A5EB03E205E4F6A0E040640A040252AD,A-III EK. STUDI PEMBANGUN,,,,,,
A5EB03E205E6F6A0E040640A040252AD,A-III EK. TATA PERUSAHAAN,,,,,,
A5EB03E205D5F6A0E040640A040252AD,A-III EKONOMI,,,,,,
A5EB03E205DAF6A0E040640A040252AD,A-III EKONOMI,,,,,,
A5EB03E205D6F6A0E040640A040252AD,A-III EKONOMI AKUNTANSI,,,,,,
A5EB03E205D7F6A0E040640A040252AD,A-III EKONOMI BISNIS,,,,,,
A5EB03E205D8F6A0E040640A040252AD,A-III EKONOMI BISNIS TATA,,,,,,
A5EB03E205D9F6A0E040640A040252AD,A-III EKONOMI BISNIS VOKAS,,,,,,
A5EB03E205DFF6A0E040640A040252AD,A-III EKONOMI ILMU EKONOMI,,,,,,
A5EB03E205E0F6A0E040640A040252AD,A-III EKONOMI KEUANGAN,,,,,,
A5EB03E205DBF6A0E040640A040252AD,A-III EKONOMI KOPERASI,,,,,,
A5EB03E205E1F6A0E040640A040252AD,A-III EKONOMI MANAJEMEN,,,,,,
A5EB03E205DCF6A0E040640A040252AD,A-III EKONOMI MANAJEMEN,,,,,,
A5EB03E205DDF6A0E040640A040252AD,A-III EKONOMI PEMBANGUNAN,,,,,,
A5EB03E205E3F6A0E040640A040252AD,A-III EKONOMI PENDD.MANAJ.,,,,,,
A5EB03E205DEF6A0E040640A040252AD,A-III EKONOMI PERUSAHAAN,,,,,,
A5EB03E205E5F6A0E040640A040252AD,A-III EKONOMI TATA NIAGA,,,,,,
A5EB03E2055AF6A0E040640A040252AD,A-III EKSAK IL PASTI & ALAM,,,,,,
A5EB03E2055BF6A0E040640A040252AD,A-III EKSAK.ILMU PENGET.ALAM,,,,,,
A5EB03E20556F6A0E040640A040252AD,A-III EKSAKTA,,,,,,
A5EB03E20557F6A0E040640A040252AD,A-III EKSAKTA BIOLOGI,,,,,,
A5EB03E20558F6A0E040640A040252AD,A-III EKSAKTA FISIKA,,,,,,
A5EB03E2055CF6A0E040640A040252AD,A-III EKSAKTA GEOLOGI,,,,,,
A5EB03E20559F6A0E040640A040252AD,A-III EKSAKTA ILMU ALAM,,,,,,
A5EB03E2055DF6A0E040640A040252AD,A-III EKSAKTA ILMU KIMIA,,,,,,
A5EB03E2055FF6A0E040640A040252AD,A-III EKSAKTA ILMU PASTI,,,,,,
A5EB03E2055EF6A0E040640A040252AD,A-III EKSAKTA KIMIA,,,,,,
A5EB03E205A4F6A0E040640A040252AD,A-III EKSAKTA MATEMATIKA,,,,,,
A5EB03E205A5F6A0E040640A040252AD,A-III EKSAKTA STATISTIK,,,,,,
A5EB03E20645F6A0E040640A040252AD,A-III ELEKTRONIKA,,,,,,
A5EB03E2063CF6A0E040640A040252AD,A-III FILSAFAT,,,,,,
A5EB03E2063FF6A0E040640A040252AD,A-III FILSAFAT & SOSIOLOGI,,,,,,
A5EB03E2063EF6A0E040640A040252AD,A-III FILSAFAT BARAT,,,,,,
A5EB03E2063DF6A0E040640A040252AD,A-III FILSAFAT BHS & SAS.IND,,,,,,
A5EB03E20640F6A0E040640A040252AD,A-III FILSAFAT KEBUDAYAAN,,,,,,
A5EB03E20641F6A0E040640A040252AD,A-III FILSAFAT PENDIDIKAN,,,,,,
A5EB03E20523F6A0E040640A040252AD,A-III IPS,,,,,,
A5EB03E20525F6A0E040640A040252AD,A-III IPS ANTROP. BUDAYA,,,,,,
A5EB03E20526F6A0E040640A040252AD,A-III IPS ANTROP. SOSIAL,,,,,,
A5EB03E20524F6A0E040640A040252AD,A-III IPS ANTROPOLOGI,,,,,,
A5EB03E2052FF6A0E040640A040252AD,A-III IPS CIVICS HUKUM,,,,,,
A5EB03E2053FF6A0E040640A040252AD,A-III IPS DIK. KESEHATAN,,,,,,
A5EB03E20543F6A0E040640A040252AD,A-III IPS DIK.LUAR SEKOLAH,,,,,,
A5EB03E20530F6A0E040640A040252AD,A-III IPS HUKUM PMP,,,,,,
A5EB03E20536F6A0E040640A040252AD,A-III IPS ILMU BUMI,,,,,,
A5EB03E2054AF6A0E040640A040252AD,A-III IPS ILMU KESEJAHTERA,,,,,,
A5EB03E20537F6A0E040640A040252AD,A-III IPS ILMU MENDIDIK,,,,,,
A5EB03E2054BF6A0E040640A040252AD,A-III IPS ILMU PEMBANGUNAN,,,,,,
A5EB03E2054CF6A0E040640A040252AD,A-III IPS ILMU PENGETAHUAN,,,,,,
A5EB03E20539F6A0E040640A040252AD,A-III IPS KATAKETIK DIK.,,,,,,
A5EB03E2054DF6A0E040640A040252AD,A-III IPS KESEJAH. SOSIAL,,,,,,
A5EB03E20531F6A0E040640A040252AD,A-III IPS KEWARGANEGARAAN,,,,,,
A5EB03E20553F6A0E040640A040252AD,A-III IPS O R & KESEHATAN,,,,,,
A5EB03E20552F6A0E040640A040252AD,A-III IPS OLAH RAGA,,,,,,
A5EB03E20545F6A0E040640A040252AD,A-III IPS P.MORAL PANCASILA,,,,,,
A5EB03E20538F6A0E040640A040252AD,A-III IPS PAEDAGOGIK,,,,,,
A5EB03E2054EF6A0E040640A040252AD,A-III IPS PEMB.MASY.DESA,,,,,,
A5EB03E20542F6A0E040640A040252AD,A-III IPS PEND. LUAR BIASA,,,,,,
A5EB03E2053CF6A0E040640A040252AD,A-III IPS PEND.&PENGEMBANGAN,,,,,,
A5EB03E2053BF6A0E040640A040252AD,A-III IPS PEND.&PENGEMBANGAN,,,,,,
A5EB03E2053EF6A0E040640A040252AD,A-III IPS PEND.KEMASY.,,,,,,
A5EB03E20540F6A0E040640A040252AD,A-III IPS PEND.KESEJAHTERAAN,,,,,,
A5EB03E20544F6A0E040640A040252AD,A-III IPS PEND.MASYARAKAT,,,,,,
A5EB03E2053AF6A0E040640A040252AD,A-III IPS PENDIDIKAN,,,,,,
A5EB03E2053DF6A0E040640A040252AD,A-III IPS PENDIDIKAN DASAR,,,,,,
A5EB03E20541F6A0E040640A040252AD,A-III IPS PENDIDIKAN KHUSUS,,,,,,
A5EB03E20546F6A0E040640A040252AD,A-III IPS PENDIDIKAN SEK.,,,,,,
A5EB03E20547F6A0E040640A040252AD,A-III IPS PENDIDIKAN SOSIAL,,,,,,
A5EB03E20548F6A0E040640A040252AD,A-III IPS PENDIDIKAN UMUM,,,,,,
A5EB03E20550F6A0E040640A040252AD,A-III IPS PERPUSTAKAAN,,,,,,
A5EB03E20551F6A0E040640A040252AD,A-III IPS PHSIKOLOGI,,,,,,
A5EB03E20532F6A0E040640A040252AD,A-III IPS PKK,,,,,,
A5EB03E20533F6A0E040640A040252AD,A-III IPS PKN DAN HUKUM,,,,,,
A5EB03E20534F6A0E040640A040252AD,A-III IPS PMP DAN KWNEGARAAN,,,,,,
A5EB03E20535F6A0E040640A040252AD,A-III IPS PSPB,,,,,,
A5EB03E2054FF6A0E040640A040252AD,A-III IPS PUBLISISTIK,,,,,,
A5EB03E20529F6A0E040640A040252AD,A-III IPS RAH .& ARKELOGI,,,,,,
A5EB03E20527F6A0E040640A040252AD,A-III IPS SEJARAH,,,,,,
A5EB03E20528F6A0E040640A040252AD,A-III IPS SEJARAH & ANTROP.,,,,,,
A5EB03E2052AF6A0E040640A040252AD,A-III IPS SEJARAH & BUDAYA,,,,,,
A5EB03E2052BF6A0E040640A040252AD,A-III IPS SEJARAH GEOGRAFI,,,,,,
A5EB03E2052CF6A0E040640A040252AD,A-III IPS SEJARAH INDONESIA,,,,,,
A5EB03E2052DF6A0E040640A040252AD,A-III IPS SEJARAH PENDIDIKAN,,,,,,
A5EB03E2052EF6A0E040640A040252AD,A-III IPS SEJARAH PURBAKAL,,,,,,
A5EB03E20554F6A0E040640A040252AD,A-III IPS SOSIAL,,,,,,
A5EB03E20555F6A0E040640A040252AD,A-III IPS SOSIAL EKONOMI,,,,,,
A5EB03E20549F6A0E040640A040252AD,A-III IPS TEORI & RAH PEND.,,,,,,
A5EB03E2064FF6A0E040640A040252AD,A-III KIMIA,,,,,,
A5EB03E20651F6A0E040640A040252AD,A-III LISTRIK,,,,,,
A5EB03E20653F6A0E040640A040252AD,A-III MESIN,,,,,,
A5EB03E205C3F6A0E040640A040252AD,A-III SENI,,,,,,
A5EB03E205C4F6A0E040640A040252AD,A-III SENI BAHASA DAN SENI,,,,,,
A5EB03E205C5F6A0E040640A040252AD,A-III SENI MENGGAMBAR,,,,,,
A5EB03E205C6F6A0E040640A040252AD,A-III SENI MUSIK,,,,,,
A5EB03E205C7F6A0E040640A040252AD,A-III SENI RUPA,,,,,,
A5EB03E205C8F6A0E040640A040252AD,A-III SENI TARI,,,,,,
A5EB03E20648F6A0E040640A040252AD,A-III TEK.ELEKTRO KOMUNIKASI,,,,,,
A5EB03E20642F6A0E040640A040252AD,A-III TEKNIK,,,,,,
A5EB03E20656F6A0E040640A040252AD,A-III TEKNIK &MANAJ. INDUS.,,,,,,
A5EB03E2064EF6A0E040640A040252AD,A-III TEKNIK ALIRAN SUNGAI,,,,,,
A5EB03E20644F6A0E040640A040252AD,A-III TEKNIK ARSITEKTUR,,,,,,
A5EB03E2064CF6A0E040640A040252AD,A-III TEKNIK BANGUNAN,,,,,,
A5EB03E20646F6A0E040640A040252AD,A-III TEKNIK ELEKTRO,,,,,,
A5EB03E20647F6A0E040640A040252AD,A-III TEKNIK ELEKTRO KOMP.,,,,,,
A5EB03E20649F6A0E040640A040252AD,A-III TEKNIK ELEKTRONIKA,,,,,,
A5EB03E2064BF6A0E040640A040252AD,A-III TEKNIK GEDUNG,,,,,,
A5EB03E20657F6A0E040640A040252AD,A-III TEKNIK INDUSTRI,,,,,,
A5EB03E20650F6A0E040640A040252AD,A-III TEKNIK KIMIA,,,,,,
A5EB03E2064AF6A0E040640A040252AD,A-III TEKNIK KOMPUTER,,,,,,
A5EB03E20652F6A0E040640A040252AD,A-III TEKNIK LISTRIK,,,,,,
A5EB03E20654F6A0E040640A040252AD,A-III TEKNIK MESIN,,,,,,
A5EB03E20655F6A0E040640A040252AD,A-III TEKNIK OTOMOTIF,,,,,,
A5EB03E2064DF6A0E040640A040252AD,A-III TEKNIK SIPIL,,,,,,
A5EB03E20658F6A0E040640A040252AD,A-IV,,,,,,
A5EB03E205FFF6A0E040640A040252AD,A-IV BAHASA,,,,,,
A5EB03E20757F6A0E040640A040252AD,A-IV IPS,,,,,,
A5EB03E2075BF6A0E040640A040252AD,A-IV ADM. KETERAMPILAN,,,,,,
A5EB03E2075CF6A0E040640A040252AD,A-IV ADM. KETERAMPILAN JASA,,,,,,
A5EB03E20758F6A0E040640A040252AD,A-IV ADM. PENDIDIKAN,,,,,,
A5EB03E2075DF6A0E040640A040252AD,A-IV ADM. PERKANTORAN,,,,,,
A5EB03E2075EF6A0E040640A040252AD,A-IV ADM. PERUSAHAAN,,,,,,
A5EB03E20759F6A0E040640A040252AD,A-IV ADM.SUPERVISI PENDIDIKAN,,,,,,
A5EB03E2075AF6A0E040640A040252AD,A-IV ADMINISTRASI SEKOLAH,,,,,,
A5EB03E205F3F6A0E040640A040252AD,A-IV AKUNTANSI,,,,,,
A5EB03E2076DF6A0E040640A040252AD,A-IV ARSITEKTUR,,,,,,
A5EB03E20609F6A0E040640A040252AD,A-IV BAHASA ARAB,,,,,,
A5EB03E20602F6A0E040640A040252AD,A-IV BAHASA DAN SASTRA,,,,,,
A5EB03E2060AF6A0E040640A040252AD,A-IV BAHASA DAN SASTRA ARAB,,,,,,
A5EB03E20605F6A0E040640A040252AD,A-IV BAHASA DAN SASTRA JAWA,,,,,,
A5EB03E20601F6A0E040640A040252AD,A-IV BAHASA INDONESIA,,,,,,
A5EB03E20606F6A0E040640A040252AD,A-IV BAHASA JAWA,,,,,,
A5EB03E20610F6A0E040640A040252AD,A-IV BAHASA JEPANG,,,,,,
A5EB03E20612F6A0E040640A040252AD,A-IV BAHASA JERMAN,,,,,,
A5EB03E20613F6A0E040640A040252AD,A-IV BAHASA PERANCIS,,,,,,
A5EB03E2060CF6A0E040640A040252AD,A-IV BAHASA RUSIA,,,,,,
A5EB03E2060DF6A0E040640A040252AD,A-IV BHS DAN SAS. ASING,,,,,,
A5EB03E20604F6A0E040640A040252AD,A-IV BHS DAN SAS. DAERAH,,,,,,
A5EB03E20603F6A0E040640A040252AD,A-IV BHS DAN SAS. INDONESIA,,,,,,
A5EB03E2060EF6A0E040640A040252AD,A-IV BHS DAN SAS. INGGRIS,,,,,,
A5EB03E2060FF6A0E040640A040252AD,A-IV BHS DAN SAS. JEPANG,,,,,,
A5EB03E20611F6A0E040640A040252AD,A-IV BHS DAN SAS. JERMAN,,,,,,
A5EB03E20607F6A0E040640A040252AD,A-IV BHS DAN SAS. SUNDA,,,,,,
A5EB03E20666F6A0E040640A040252AD,A-IV BIDANG KEPENDIDIKAN,,,,,,
A5EB03E2066AF6A0E040640A040252AD,A-IV BIMBINGAN & KONSELING,,,,,,
A5EB03E2066BF6A0E040640A040252AD,A-IV BIMBINGAN & PENYULUHAN,,,,,,
A5EB03E20662F6A0E040640A040252AD,A-IV BIOLOGI,,,,,,
A5EB03E205F9F6A0E040640A040252AD,A-IV BISNIS TATA BUKU,,,,,,
A5EB03E205FAF6A0E040640A040252AD,A-IV BISNIS VOKASIONAL,,,,,,
A5EB03E2075FF6A0E040640A040252AD,A-IV CIVICS HUKUM,,,,,,
A5EB03E20668F6A0E040640A040252AD,A-IV DIDAKTIK,,,,,,
A5EB03E2066CF6A0E040640A040252AD,A-IV DIK. & PENGEMB SOSIAL,,,,,,
A5EB03E205F7F6A0E040640A040252AD,A-IV EKONOMI KOPERASI,,,,,,
A5EB03E205F6F6A0E040640A040252AD,A-IV EKONOMI PERUSAHAAN,,,,,,
A5EB03E20773F6A0E040640A040252AD,A-IV ELEKTRO,,,,,,
A5EB03E20776F6A0E040640A040252AD,A-IV ELEKTRO ARUS LEMAH,,,,,,
A5EB03E205FBF6A0E040640A040252AD,A-IV FILSAFAT,,,,,,
A5EB03E205FCF6A0E040640A040252AD,A-IV FILSAFAT KEBUDAYAAN,,,,,,
A5EB03E205FDF6A0E040640A040252AD,A-IV FILSAFAT PENDIDIKAN,,,,,,
A5EB03E205FEF6A0E040640A040252AD,A-IV FILSAFAT SOSIOLOGI PEND.,,,,,,
A5EB03E2065FF6A0E040640A040252AD,A-IV FISIKA,,,,,,
A5EB03E205F4F6A0E040640A040252AD,A-IV HITUNG DAGANG,,,,,,
A5EB03E20760F6A0E040640A040252AD,A-IV HUKUM PMP,,,,,,
A5EB03E2065EF6A0E040640A040252AD,A-IV IL.PENGETAHUAN ALAM,,,,,,
A5EB03E20661F6A0E040640A040252AD,A-IV ILMU BUMI,,,,,,
A5EB03E205F5F6A0E040640A040252AD,A-IV ILMU EKONOMI,,,,,,
A5EB03E20663F6A0E040640A040252AD,A-IV ILMU HAYAT/BIOLOGI,,,,,,
A5EB03E2065BF6A0E040640A040252AD,A-IV ILMU PASTI,,,,,,
A5EB03E2065AF6A0E040640A040252AD,A-IV ILMU PASTI DAN ALAM,,,,,,
A5EB03E2066DF6A0E040640A040252AD,A-IV KEGURUAN & ILMU SOSIAL,,,,,,
A5EB03E20665F6A0E040640A040252AD,A-IV KEPENDIDIKAN,,,,,,
A5EB03E205EBF6A0E040640A040252AD,A-IV KESEHATAN DAN REKREASI,,,,,,
A5EB03E205ECF6A0E040640A040252AD,A-IV KESEJAHTERAAN KELUARGA,,,,,,
A5EB03E205EDF6A0E040640A040252AD,A-IV KESEJAHTERAAN SOSIAL,,,,,,
A5EB03E2077BF6A0E040640A040252AD,A-IV KETERAMPILAN,,,,,,
A5EB03E2077CF6A0E040640A040252AD,A-IV KETERAMPILAN JASA,,,,,,
A5EB03E2077DF6A0E040640A040252AD,A-IV KETERAMPILAN TEKNIK,,,,,,
A5EB03E20660F6A0E040640A040252AD,A-IV KIMIA,,,,,,
A5EB03E205F8F6A0E040640A040252AD,A-IV KOPERASI,,,,,,
A5EB03E2066EF6A0E040640A040252AD,A-IV KUR.& TEK./PENDIDIKAN,,,,,,
A5EB03E2066FF6A0E040640A040252AD,A-IV KURIK&PERSEK.AN/PENGAJ,,,,,,
A5EB03E206B4F6A0E040640A040252AD,A-IV KURIKULUM PENDIDIKAN,,,,,,
A5EB03E206B5F6A0E040640A040252AD,A-IV KURIKULUM PENYULUHAN,,,,,,
A5EB03E206B6F6A0E040640A040252AD,A-IV KURTEK PENDIDIKAN,,,,,,
A5EB03E20777F6A0E040640A040252AD,A-IV LISTRIK,,,,,,
A5EB03E20778F6A0E040640A040252AD,A-IV LISTRIK ARUS KUAT,,,,,,
A5EB03E20779F6A0E040640A040252AD,A-IV LISTRIK ARUS LEMAH,,,,,,
A5EB03E20768F6A0E040640A040252AD,A-IV MANAJEMEN,,,,,,
A5EB03E2065CF6A0E040640A040252AD,A-IV MATEMATIKA,,,,,,
A5EB03E2065DF6A0E040640A040252AD,A-IV MATEMATIKA DAN IPA,,,,,,
A5EB03E206B7F6A0E040640A040252AD,A-IV METODOLOGI & KURIKULUM,,,,,,
A5EB03E206B8F6A0E040640A040252AD,A-IV METODOLOGI PENDIDIKAN,,,,,,
A5EB03E20659F6A0E040640A040252AD,A-IV MIPA,,,,,,
A5EB03E206B9F6A0E040640A040252AD,A-IV OLAH RAGA,,,,,,
A5EB03E206BAF6A0E040640A040252AD,A-IV OLAH RAGA & KES.,,,,,,
A5EB03E20667F6A0E040640A040252AD,A-IV PAEDAGOGIK,,,,,,
A5EB03E20764F6A0E040640A040252AD,A-IV PEND. MORAL PANCASIL,,,,,,
A5EB03E2084BF6A0E040640A040252AD,A-IV PENDIDIKAN AGAMA ISLAM,,,,,,
A5EB03E206BBF6A0E040640A040252AD,A-IV PENDIDIKAN AGAMA KRISTEN,,,,,,
A5EB03E206BCF6A0E040640A040252AD,A-IV PENDIDIKAN ANAK,,,,,,
A5EB03E20748F6A0E040640A040252AD,A-IV PENDIDIKAN BISNIS,,,,,,
A5EB03E2074AF6A0E040640A040252AD,A-IV PENDIDIKAN DASAR,,,,,,
A5EB03E2074BF6A0E040640A040252AD,A-IV PENDIDIKAN DASAR UMUM,,,,,,
A5EB03E2074CF6A0E040640A040252AD,A-IV PENDIDIKAN DUNIA USAHA,,,,,,
A5EB03E2074DF6A0E040640A040252AD,A-IV PENDIDIKAN GEOGRAFI,,,,,,
A5EB03E2074EF6A0E040640A040252AD,A-IV PENDIDIKAN GURU,,,,,,
A5EB03E20749F6A0E040640A040252AD,A-IV PENDIDIKAN GURU SD,,,,,,
A5EB03E2074FF6A0E040640A040252AD,A-IV PENDIDIKAN LUAR BIASA,,,,,,
A5EB03E20750F6A0E040640A040252AD,A-IV PENDIDIKAN LUAR SEK.,,,,,,
A5EB03E20751F6A0E040640A040252AD,A-IV PENDIDIKAN MASYARAKAT,,,,,,
A5EB03E20752F6A0E040640A040252AD,A-IV PERENCANAAN PENDIDIKAN,,,,,,
A5EB03E2077AF6A0E040640A040252AD,A-IV PKK,,,,,,
A5EB03E20761F6A0E040640A040252AD,A-IV PKN DAN HUKUM,,,,,,
A5EB03E20762F6A0E040640A040252AD,A-IV PMP & KEWARGANEGARAAN,,,,,,
A5EB03E20753F6A0E040640A040252AD,A-IV PROGRAM GURU SPG,,,,,,
A5EB03E20754F6A0E040640A040252AD,A-IV PSIKOLOGI,,,,,,
A5EB03E20755F6A0E040640A040252AD,A-IV PSIKOLOGI PEND. & BI,,,,,,
A5EB03E20756F6A0E040640A040252AD,A-IV PSIKOLOGI PENDIDIKAN,,,,,,
A5EB03E20765F6A0E040640A040252AD,A-IV PSPB,,,,,,
A5EB03E205EFF6A0E040640A040252AD,A-IV SANDRATARI DAN MUSIK,,,,,,
A5EB03E20608F6A0E040640A040252AD,A-IV SASTRA ARAB,,,,,,
A5EB03E20600F6A0E040640A040252AD,A-IV SASTRA INDONESIA,,,,,,
A5EB03E2060BF6A0E040640A040252AD,A-IV SASTRA RUSIA,,,,,,
A5EB03E20766F6A0E040640A040252AD,A-IV SEJARAH,,,,,,
A5EB03E20767F6A0E040640A040252AD,A-IV SEJARAH & ANTROPOLOGI,,,,,,
A5EB03E20669F6A0E040640A040252AD,A-IV SEJARAH PENDIDIKAN,,,,,,
A5EB03E205EEF6A0E040640A040252AD,A-IV SENI,,,,,,
A5EB03E205F0F6A0E040640A040252AD,A-IV SENI MUSIK,,,,,,
A5EB03E205F1F6A0E040640A040252AD,A-IV SENI RUPA & KERAJINAN,,,,,,
A5EB03E205F2F6A0E040640A040252AD,A-IV SENI TARI,,,,,,
A5EB03E20664F6A0E040640A040252AD,A-IV STATISTIK,,,,,,
A5EB03E2077EF6A0E040640A040252AD,A-IV TATA BOGA,,,,,,
A5EB03E205EAF6A0E040640A040252AD,A-IV TATA BUKU,,,,,,
A5EB03E2077FF6A0E040640A040252AD,A-IV TATA BUSANA,,,,,,
A5EB03E20780F6A0E040640A040252AD,A-IV TATA GRAHA,,,,,,
A5EB03E20763F6A0E040640A040252AD,A-IV TATA NEGARA,,,,,,
A5EB03E20781F6A0E040640A040252AD,A-IV TATA NIAGA,,,,,,
A5EB03E205E8F6A0E040640A040252AD,A-IV TATA PERKANTORAN,,,,,,
A5EB03E205E9F6A0E040640A040252AD,A-IV TATA PERUSAHAAN,,,,,,
A5EB03E2076CF6A0E040640A040252AD,A-IV TEK.SIPIL BANGUNAN AIR,,,,,,
A5EB03E20769F6A0E040640A040252AD,A-IV TEKNIK,,,,,,
A5EB03E2076BF6A0E040640A040252AD,A-IV TEKNIK BANGUNAN,,,,,,
A5EB03E20774F6A0E040640A040252AD,A-IV TEKNIK ELEKTRO,,,,,,
A5EB03E20775F6A0E040640A040252AD,A-IV TEKNIK ELEKTRONIKA,,,,,,
A5EB03E20772F6A0E040640A040252AD,A-IV TEKNIK MEKANIK,,,,,,
A5EB03E2076EF6A0E040640A040252AD,A-IV TEKNIK MESIN,,,,,,
A5EB03E2076FF6A0E040640A040252AD,A-IV TEKNIK MESIN INDUKSI,,,,,,
A5EB03E20770F6A0E040640A040252AD,A-IV TEKNIK MESIN PRODUKSI,,,,,,
A5EB03E20771F6A0E040640A040252AD,A-IV TEKNIK OTOMOTIF,,,,,,
A5EB03E2076AF6A0E040640A040252AD,A-IV TEKNIK SIPIL,,,,,,
A5EB03E20614F6A0E040640A040252AD,A-V,,,,,,
A5EB03E206C6F6A0E040640A040252AD,A-V BAHASA,,,,,,
A5EB03E20688F6A0E040640A040252AD,A-V IPS,,,,,,
A5EB03E2068CF6A0E040640A040252AD,A-V ADM. KETERAMPILAN,,,,,,
A5EB03E2068DF6A0E040640A040252AD,A-V ADM. KETERAMPILAN JASA,,,,,,
A5EB03E20689F6A0E040640A040252AD,A-V ADM. PENDIDIKAN,,,,,,
A5EB03E2068EF6A0E040640A040252AD,A-V ADM. PERKANTORAN,,,,,,
A5EB03E2068FF6A0E040640A040252AD,A-V ADM. PERUSAHAAN,,,,,,
A5EB03E2068AF6A0E040640A040252AD,A-V ADM.SUPERVISI PENDIDIKAN,,,,,,
A5EB03E2068BF6A0E040640A040252AD,A-V ADMINISTRASI SEKOLAH,,,,,,
A5EB03E207D1F6A0E040640A040252AD,A-V AKUNTANSI,,,,,,
A5EB03E2069EF6A0E040640A040252AD,A-V ARSITEKTUR,,,,,,
A5EB03E206D0F6A0E040640A040252AD,A-V BAHASA ARAB,,,,,,
A5EB03E206C9F6A0E040640A040252AD,A-V BAHASA DAN SASTRA,,,,,,
A5EB03E206D1F6A0E040640A040252AD,A-V BAHASA DAN SASTRA ARAB,,,,,,
A5EB03E206CCF6A0E040640A040252AD,A-V BAHASA DAN SASTRA JAWA,,,,,,
A5EB03E206C8F6A0E040640A040252AD,A-V BAHASA INDONESIA,,,,,,
A5EB03E206CDF6A0E040640A040252AD,A-V BAHASA JAWA,,,,,,
A5EB03E206D7F6A0E040640A040252AD,A-V BAHASA JEPANG,,,,,,
A5EB03E206D9F6A0E040640A040252AD,A-V BAHASA JERMAN,,,,,,
A5EB03E206DAF6A0E040640A040252AD,A-V BAHASA PERANCIS,,,,,,
A5EB03E206D3F6A0E040640A040252AD,A-V BAHASA RUSIA,,,,,,
A5EB03E206D4F6A0E040640A040252AD,A-V BHS DAN SAS. ASING,,,,,,
A5EB03E206CBF6A0E040640A040252AD,A-V BHS DAN SAS. DAERAH,,,,,,
A5EB03E206CAF6A0E040640A040252AD,A-V BHS DAN SAS. INDONESIA,,,,,,
A5EB03E206D5F6A0E040640A040252AD,A-V BHS DAN SAS. INGGRIS,,,,,,
A5EB03E206D6F6A0E040640A040252AD,A-V BHS DAN SAS. JEPANG,,,,,,
A5EB03E206D8F6A0E040640A040252AD,A-V BHS DAN SAS. JERMAN,,,,,,
A5EB03E206CEF6A0E040640A040252AD,A-V BHS DAN SAS. SUNDA,,,,,,
A5EB03E20616F6A0E040640A040252AD,A-V BIDANG KEPENDIDIKAN,,,,,,
A5EB03E2061AF6A0E040640A040252AD,A-V BIMBINGAN & KONSELING,,,,,,
A5EB03E2061BF6A0E040640A040252AD,A-V BIMBINGAN & PENYULUHAN,,,,,,
A5EB03E20685F6A0E040640A040252AD,A-V BIOLOGI,,,,,,
A5EB03E206C0F6A0E040640A040252AD,A-V BISNIS TATA BUKU,,,,,,
A5EB03E206C1F6A0E040640A040252AD,A-V BISNIS VOKASIONAL,,,,,,
A5EB03E20690F6A0E040640A040252AD,A-V CIVICS HUKUM,,,,,,
A5EB03E20618F6A0E040640A040252AD,A-V DIDAKTIK,,,,,,
A5EB03E2061CF6A0E040640A040252AD,A-V DIK. & PENGEMB SOSIAL,,,,,,
A5EB03E206BEF6A0E040640A040252AD,A-V EKONOMI KOPERASI,,,,,,
A5EB03E206BDF6A0E040640A040252AD,A-V EKONOMI PERUSAHAAN,,,,,,
A5EB03E206A4F6A0E040640A040252AD,A-V ELEKTRO,,,,,,
A5EB03E206A7F6A0E040640A040252AD,A-V ELEKTRO ARUS LEMAH,,,,,,
A5EB03E206C2F6A0E040640A040252AD,A-V FILSAFAT,,,,,,
A5EB03E206C3F6A0E040640A040252AD,A-V FILSAFAT KEBUDAYAAN,,,,,,
A5EB03E206C4F6A0E040640A040252AD,A-V FILSAFAT PENDIDIKAN,,,,,,
A5EB03E206C5F6A0E040640A040252AD,A-V FILSAFAT SOSIOLOGI PEND.,,,,,,
A5EB03E20682F6A0E040640A040252AD,A-V FISIKA,,,,,,
A5EB03E207D2F6A0E040640A040252AD,A-V HITUNG DAGANG,,,,,,
A5EB03E20691F6A0E040640A040252AD,A-V HUKUM PMP,,,,,,
A5EB03E20681F6A0E040640A040252AD,A-V IL.PENGETAHUAN ALAM,,,,,,
A5EB03E20684F6A0E040640A040252AD,A-V ILMU BUMI,,,,,,
A5EB03E207D3F6A0E040640A040252AD,A-V ILMU EKONOMI,,,,,,
A5EB03E20686F6A0E040640A040252AD,A-V ILMU HAYAT/BIOLOGI,,,,,,
A5EB03E2067EF6A0E040640A040252AD,A-V ILMU PASTI,,,,,,
A5EB03E2067DF6A0E040640A040252AD,A-V ILMU PASTI DAN ALAM,,,,,,
A5EB03E2061DF6A0E040640A040252AD,A-V KEGURUAN & ILMU SOSIAL,,,,,,
A5EB03E20615F6A0E040640A040252AD,A-V KEPENDIDIKAN,,,,,,
A5EB03E207C9F6A0E040640A040252AD,A-V KESEHATAN DAN REKREASI,,,,,,
A5EB03E207CAF6A0E040640A040252AD,A-V KESEJAHTERAAN KELUARGA,,,,,,
A5EB03E207CBF6A0E040640A040252AD,A-V KESEJAHTERAAN SOSIAL,,,,,,
A5EB03E206ACF6A0E040640A040252AD,A-V KETERAMPILAN,,,,,,
A5EB03E206ADF6A0E040640A040252AD,A-V KETERAMPILAN JASA,,,,,,
A5EB03E206AEF6A0E040640A040252AD,A-V KETERAMPILAN TEKNIK,,,,,,
A5EB03E20683F6A0E040640A040252AD,A-V KIMIA,,,,,,
A5EB03E206BFF6A0E040640A040252AD,A-V KOPERASI,,,,,,
A5EB03E2061EF6A0E040640A040252AD,A-V KUR.& TEK./PENDIDIKAN,,,,,,
A5EB03E2061FF6A0E040640A040252AD,A-V KURIK&PERSEK.AN/PENGAJ,,,,,,
A5EB03E20620F6A0E040640A040252AD,A-V KURIKULUM PENDIDIKAN,,,,,,
A5EB03E20621F6A0E040640A040252AD,A-V KURIKULUM PENYULUHAN,,,,,,
A5EB03E20622F6A0E040640A040252AD,A-V KURTEK PENDIDIKAN,,,,,,
A5EB03E206A8F6A0E040640A040252AD,A-V LISTRIK,,,,,,
A5EB03E206A9F6A0E040640A040252AD,A-V LISTRIK ARUS KUAT,,,,,,
A5EB03E206AAF6A0E040640A040252AD,A-V LISTRIK ARUS LEMAH,,,,,,
A5EB03E20699F6A0E040640A040252AD,A-V MANAJEMEN,,,,,,
A5EB03E2067FF6A0E040640A040252AD,A-V MATEMATIKA,,,,,,
A5EB03E20680F6A0E040640A040252AD,A-V MATEMATIKA DAN IPA,,,,,,
A5EB03E20623F6A0E040640A040252AD,A-V METODOLOGI & KURIKULUM,,,,,,
A5EB03E20624F6A0E040640A040252AD,A-V METODOLOGI PENDIDIKAN,,,,,,
A5EB03E2067CF6A0E040640A040252AD,A-V MIPA,,,,,,
A5EB03E20625F6A0E040640A040252AD,A-V OLAH RAGA,,,,,,
A5EB03E20626F6A0E040640A040252AD,A-V OLAH RAGA & KES.,,,,,,
A5EB03E20617F6A0E040640A040252AD,A-V PAEDAGOGIK,,,,,,
A5EB03E20695F6A0E040640A040252AD,A-V PEND. MORAL PANCASIL,,,,,,
A5EB03E20627F6A0E040640A040252AD,A-V PENDIDIKAN AGM.KRISTEN,,,,,,
A5EB03E20628F6A0E040640A040252AD,A-V PENDIDIKAN ANAK,,,,,,
A5EB03E20629F6A0E040640A040252AD,A-V PENDIDIKAN BISNIS,,,,,,
A5EB03E2062BF6A0E040640A040252AD,A-V PENDIDIKAN DASAR,,,,,,
A5EB03E20670F6A0E040640A040252AD,A-V PENDIDIKAN DASAR UMUM,,,,,,
A5EB03E20671F6A0E040640A040252AD,A-V PENDIDIKAN DUNIA USAHA,,,,,,
A5EB03E20672F6A0E040640A040252AD,A-V PENDIDIKAN GEOGRAFI,,,,,,
A5EB03E20673F6A0E040640A040252AD,A-V PENDIDIKAN GURU,,,,,,
A5EB03E2062AF6A0E040640A040252AD,A-V PENDIDIKAN GURU SD,,,,,,
A5EB03E20674F6A0E040640A040252AD,A-V PENDIDIKAN LUAR BIASA,,,,,,
A5EB03E20675F6A0E040640A040252AD,A-V PENDIDIKAN LUAR SEK.,,,,,,
A5EB03E20676F6A0E040640A040252AD,A-V PENDIDIKAN MASYARAKAT,,,,,,
A5EB03E20677F6A0E040640A040252AD,A-V PERENCANAAN PENDIDIKAN,,,,,,
A5EB03E206ABF6A0E040640A040252AD,A-V PKK,,,,,,
A5EB03E20692F6A0E040640A040252AD,A-V PKN DAN HUKUM,,,,,,
A5EB03E20693F6A0E040640A040252AD,A-V PMP & KEWARGANEGARAAN,,,,,,
A5EB03E20678F6A0E040640A040252AD,A-V PROGRAM GURU SPG,,,,,,
A5EB03E20679F6A0E040640A040252AD,A-V PSIKOLOGI,,,,,,
A5EB03E2067AF6A0E040640A040252AD,A-V PSIKOLOGI PEND. & BI,,,,,,
A5EB03E2067BF6A0E040640A040252AD,A-V PSIKOLOGI PENDIDIKAN,,,,,,
A5EB03E20696F6A0E040640A040252AD,A-V PSPB,,,,,,
A5EB03E207CDF6A0E040640A040252AD,A-V SANDRATARI DAN MUSIK,,,,,,
A5EB03E206CFF6A0E040640A040252AD,A-V SASTRA ARAB,,,,,,
A5EB03E206C7F6A0E040640A040252AD,A-V SASTRA INDONESIA,,,,,,
A5EB03E206D2F6A0E040640A040252AD,A-V SASTRA RUSIA,,,,,,
A5EB03E20697F6A0E040640A040252AD,A-V SEJARAH,,,,,,
A5EB03E20698F6A0E040640A040252AD,A-V SEJARAH & ANTROPOLOGI,,,,,,
A5EB03E20619F6A0E040640A040252AD,A-V SEJARAH PENDIDIKAN,,,,,,
A5EB03E207CCF6A0E040640A040252AD,A-V SENI,,,,,,
A5EB03E207CEF6A0E040640A040252AD,A-V SENI MUSIK,,,,,,
A5EB03E207CFF6A0E040640A040252AD,A-V SENI RUPA & KERAJINAN,,,,,,
A5EB03E207D0F6A0E040640A040252AD,A-V SENI TARI,,,,,,
A5EB03E20687F6A0E040640A040252AD,A-V STATISTIK,,,,,,
A5EB03E206AFF6A0E040640A040252AD,A-V TATA BOGA,,,,,,
A5EB03E207C8F6A0E040640A040252AD,A-V TATA BUKU,,,,,,
A5EB03E206B0F6A0E040640A040252AD,A-V TATA BUSANA,,,,,,
A5EB03E206B1F6A0E040640A040252AD,A-V TATA GRAHA,,,,,,
A5EB03E20694F6A0E040640A040252AD,A-V TATA NEGARA,,,,,,
A5EB03E206B2F6A0E040640A040252AD,A-V TATA NIAGA,,,,,,
A5EB03E206B3F6A0E040640A040252AD,A-V TATA PERKANTORAN,,,,,,
A5EB03E207C7F6A0E040640A040252AD,A-V TATA PERUSAHAAN,,,,,,
A5EB03E2069DF6A0E040640A040252AD,A-V TEK.SIPIL BANGUNAN AIR,,,,,,
A5EB03E2069AF6A0E040640A040252AD,A-V TEKNIK,,,,,,
A5EB03E2069CF6A0E040640A040252AD,A-V TEKNIK BANGUNAN,,,,,,
A5EB03E206A5F6A0E040640A040252AD,A-V TEKNIK ELEKTRO,,,,,,
A5EB03E206A6F6A0E040640A040252AD,A-V TEKNIK ELEKTRONIKA,,,,,,
A5EB03E206A3F6A0E040640A040252AD,A-V TEKNIK MEKANIK,,,,,,
A5EB03E2069FF6A0E040640A040252AD,A-V TEKNIK MESIN,,,,,,
A5EB03E206A0F6A0E040640A040252AD,A-V TEKNIK MESIN INDUKSI,,,,,,
A5EB03E206A1F6A0E040640A040252AD,A-V TEKNIK MESIN PRODUKSI,,,,,,
A5EB03E206A2F6A0E040640A040252AD,A-V TEKNIK OTOMOTIF,,,,,,
A5EB03E2069BF6A0E040640A040252AD,A-V TEKNIK SIPIL,,,,,,
A5EB03E20845F6A0E040640A040252AD,APOTEKER,,,,,,
A5EB03E20848F6A0E040640A040252AD,NOTARIS,,,,,,
A5EB03E20849F6A0E040640A040252AD,PENGACARA,,,,,,
A5EB03E20847F6A0E040640A040252AD,PSIKIATER,,,,,,
A5EB03E20846F6A0E040640A040252AD,PSIKOLOG,,,,,,
A5EB03E207C6F6A0E040640A040252AD,SERTIFIKASI GURU,,,,,,
A5EB03E206DBF6A0E040640A040252AD,SPESIALIS I,,,,,,
A5EB03E206DCF6A0E040640A040252AD,SPESIALIS I ANAK,,,,,,
A5EB03E206DDF6A0E040640A040252AD,SPESIALIS I ANESTESI,,,,,,
A5EB03E206DEF6A0E040640A040252AD,SPESIALIS I BEDAH,,,,,,
A5EB03E206DFF6A0E040640A040252AD,SPESIALIS I BEDAH MULUT,,,,,,
A5EB03E206E0F6A0E040640A040252AD,SPESIALIS I BEDAH PLASTIK,,,,,,
A5EB03E206E1F6A0E040640A040252AD,SPESIALIS I FARMAKOLOGI,,,,,,
A5EB03E206E2F6A0E040640A040252AD,SPESIALIS I FARMASI APOTEKER,,,,,,
A5EB03E206E3F6A0E040640A040252AD,SPESIALIS I FISIO TERAPI,,,,,,
A5EB03E206E4F6A0E040640A040252AD,SPESIALIS I ILMU KEDOKTERAN FORENS,,,,,,
A5EB03E206E5F6A0E040640A040252AD,SPESIALIS I ILMU KEDOKTERAN JIWA,,,,,,
A5EB03E206E6F6A0E040640A040252AD,SPESIALIS I ILMU KEDOKTERAN KEHAKI,,,,,,
A5EB03E206E7F6A0E040640A040252AD,SPESIALIS I JANTUNG,,,,,,
A5EB03E206E8F6A0E040640A040252AD,SPESIALIS I KANDUNGAN,,,,,,
A5EB03E206E9F6A0E040640A040252AD,SPESIALIS I KEDOKTERAN GIGI,,,,,,
A5EB03E206EAF6A0E040640A040252AD,SPESIALIS I KEDOKTERAN OLAHRAGA,,,,,,
A5EB03E206EBF6A0E040640A040252AD,SPESIALIS I KESEHATAN ANAK,,,,,,
A5EB03E206ECF6A0E040640A040252AD,SPESIALIS I KESEHATAN GIGI ANAK,,,,,,
A5EB03E206EDF6A0E040640A040252AD,SPESIALIS I KONSERVASI GIGI,,,,,,
A5EB03E206EEF6A0E040640A040252AD,SPESIALIS I KULIT DAN KELAMIN,,,,,,
A5EB03E206EFF6A0E040640A040252AD,SPESIALIS I LABORAN,,,,,,
A5EB03E206F0F6A0E040640A040252AD,SPESIALIS I MATA,,,,,,
A5EB03E206F1F6A0E040640A040252AD,SPESIALIS I MICROBIOLGI,,,,,,
A5EB03E206F2F6A0E040640A040252AD,SPESIALIS I MIKROKLINIK,,,,,,
A5EB03E20807F6A0E040640A040252AD,SPESIALIS I OBSTETRI/GINEKOLOG,,,,,,
A5EB03E20808F6A0E040640A040252AD,SPESIALIS I ORTODONSIA,,,,,,
A5EB03E20809F6A0E040640A040252AD,SPESIALIS I ORTOPEDI,,,,,,
A5EB03E2080AF6A0E040640A040252AD,SPESIALIS I PARASITOLOG,,,,,,
A5EB03E2080BF6A0E040640A040252AD,SPESIALIS I PATHOLOGI,,,,,,
A5EB03E2080CF6A0E040640A040252AD,SPESIALIS I PATHOLOGI ANATOMI,,,,,,
A5EB03E2080DF6A0E040640A040252AD,SPESIALIS I PENGEMB. SUMBER DAYA AIR,,,,,,
A5EB03E2080EF6A0E040640A040252AD,SPESIALIS I PENYAKIT DALAM,,,,,,
A5EB03E2080FF6A0E040640A040252AD,SPESIALIS I PENYAKIT MULUT,,,,,,
A5EB03E20810F6A0E040640A040252AD,SPESIALIS I PENYAKIT PARU,,,,,,
A5EB03E20811F6A0E040640A040252AD,SPESIALIS I PERIODONSI,,,,,,
A5EB03E20812F6A0E040640A040252AD,SPESIALIS I PERJAMAHAN,,,,,,
A5EB03E20813F6A0E040640A040252AD,SPESIALIS I PROSTODONSIA,,,,,,
A5EB03E20814F6A0E040640A040252AD,SPESIALIS I PSIKIATRI,,,,,,
A5EB03E20815F6A0E040640A040252AD,SPESIALIS I RADIOLOGI,,,,,,
A5EB03E20816F6A0E040640A040252AD,SPESIALIS I REHABILITASI MEDIK,,,,,,
A5EB03E20817F6A0E040640A040252AD,SPESIALIS I SARAF,,,,,,
A5EB03E20818F6A0E040640A040252AD,SPESIALIS I THT,,,,,,
A5EB03E20819F6A0E040640A040252AD,SPESIALIS I UROLOG,,,,,,
A5EB03E2081AF6A0E040640A040252AD,SPESIALIS II,,,,,,
A5EB03E2081BF6A0E040640A040252AD,SPESIALIS II ANAK,,,,,,
A5EB03E2081CF6A0E040640A040252AD,SPESIALIS II ANESTESI,,,,,,
A5EB03E2081DF6A0E040640A040252AD,SPESIALIS II BEDAH,,,,,,
A5EB03E2081EF6A0E040640A040252AD,SPESIALIS II BEDAH MULUT,,,,,,
A5EB03E2081FF6A0E040640A040252AD,SPESIALIS II BEDAH PLASTIK,,,,,,
A5EB03E20820F6A0E040640A040252AD,SPESIALIS II FARMAKOLOGI,,,,,,
A5EB03E20821F6A0E040640A040252AD,SPESIALIS II FARMASI APOTEKER,,,,,,
A5EB03E20822F6A0E040640A040252AD,SPESIALIS II FISIO TERAPI,,,,,,
A5EB03E20823F6A0E040640A040252AD,SPESIALIS II ILMU KEDOKTERAN FOREN,,,,,,
A5EB03E20824F6A0E040640A040252AD,SPESIALIS II ILMU KEDOKTERAN JIWA,,,,,,
A5EB03E20825F6A0E040640A040252AD,SPESIALIS II ILMU KEDOKTERAN KEHAK,,,,,,
A5EB03E20826F6A0E040640A040252AD,SPESIALIS II JANTUNG,,,,,,
A5EB03E20827F6A0E040640A040252AD,SPESIALIS II KANDUNGAN,,,,,,
A5EB03E20828F6A0E040640A040252AD,SPESIALIS II KEDOKTERAN GIGI,,,,,,
A5EB03E20829F6A0E040640A040252AD,SPESIALIS II KEDOKTERAN OLAHRAGA,,,,,,
A5EB03E2082AF6A0E040640A040252AD,SPESIALIS II KESEHATAN ANAK,,,,,,
A5EB03E2082BF6A0E040640A040252AD,SPESIALIS II KESEHATAN GIGI ANAK,,,,,,
A5EB03E2082CF6A0E040640A040252AD,SPESIALIS II KONSERVASI GIGI,,,,,,
A5EB03E2082DF6A0E040640A040252AD,SPESIALIS II KULIT DAN KELAMIN,,,,,,
A5EB03E2082EF6A0E040640A040252AD,SPESIALIS II LABORAN,,,,,,
A5EB03E2082FF6A0E040640A040252AD,SPESIALIS II MATA,,,,,,
A5EB03E20830F6A0E040640A040252AD,SPESIALIS II MICROBIOLGI,,,,,,
A5EB03E20831F6A0E040640A040252AD,SPESIALIS II MIKROKLINIK,,,,,,
A5EB03E20832F6A0E040640A040252AD,SPESIALIS II OBSTETRI/GINEKOLOG,,,,,,
A5EB03E20833F6A0E040640A040252AD,SPESIALIS II ORTODONSIA,,,,,,
A5EB03E20834F6A0E040640A040252AD,SPESIALIS II ORTOPEDI,,,,,,
A5EB03E20835F6A0E040640A040252AD,SPESIALIS II PARASITOLOG,,,,,,
A5EB03E20836F6A0E040640A040252AD,SPESIALIS II PATHOLOGI,,,,,,
A5EB03E20837F6A0E040640A040252AD,SPESIALIS II PATHOLOGI ANATOMI,,,,,,
A5EB03E20838F6A0E040640A040252AD,SPESIALIS II PENGEMB. SUMBER DAYA AIR,,,,,,
A5EB03E20839F6A0E040640A040252AD,SPESIALIS II PENYAKIT DALAM,,,,,,
A5EB03E2083AF6A0E040640A040252AD,SPESIALIS II PENYAKIT MULUT,,,,,,
A5EB03E2083BF6A0E040640A040252AD,SPESIALIS II PENYAKIT PARU,,,,,,
A5EB03E2083CF6A0E040640A040252AD,SPESIALIS II PERIODONSI,,,,,,
A5EB03E2083DF6A0E040640A040252AD,SPESIALIS II PERJAMAHAN,,,,,,
A5EB03E2083EF6A0E040640A040252AD,SPESIALIS II PROSTODONSIA,,,,,,
A5EB03E2083FF6A0E040640A040252AD,SPESIALIS II PSIKIATRI,,,,,,
A5EB03E20840F6A0E040640A040252AD,SPESIALIS II RADIOLOGI,,,,,,
A5EB03E20841F6A0E040640A040252AD,SPESIALIS II REHABILITASI MEDIK,,,,,,
A5EB03E20842F6A0E040640A040252AD,SPESIALIS II SARAF,,,,,,
A5EB03E20843F6A0E040640A040252AD,SPESIALIS II THT,,,,,,
A5EB03E20844F6A0E040640A040252AD,SPESIALIS II UROLOG,,,,,,
